Performance counter,Mnemonic,Correlation,0,1,2,3,4,5,6,7,8,9,10,11,12,13,14,15,16,17,18,19,20,21,22,23,24,25,26,27,28,29,30,31
LD_BLOCKS.STORE_FORWARD,r0203:u,nan,0,0,0,0,0,0,0,0,0,0,0,0,0,0,0,0,0,0,0,0,0,0,0,0,0,0,0,0,0,0,0,0
LD_BLOCKS.NO_SR,r0803:u,nan,0,0,0,0,0,0,0,0,0,0,0,0,0,0,0,0,0,0,0,0,0,0,0,0,0,0,0,0,0,0,0,0
MISALIGN_MEM_REF.LOADS,r0105:u,-0.13796525052,-1,0,-1,0,0,0,-1,0,-1,-1,0,0,-1,0,0,-1,0,0,0,-1,0,0,-1,-1,0,0,0,0,-1,0,0,-1
MISALIGN_MEM_REF.STORES,r0205:u,0.100195172376,0,0,0,0,0,0,0,0,0,0,0,0,0,-1,0,0,0,0,0,-1,0,0,0,0,0,0,0,0,0,0,0,0
LD_BLOCKS_PARTIAL.ADDRESS_ALIAS,r0107:u,0.996836284648,12138636,12604181,13212590,8954586,2384277,84337,56884,55310,55304,55264,55045,55127,55256,55432,55583,55660,55724,55662,55850,55813,55869,55870,55669,55456,55446,55453,55305,55271,55603,55502,55457,55484
DTLB_LOAD_MISSES.MISS_CAUSES_A_WALK,r0108:u,0.56241485252,7,7,832,7,8,5,6,5,7,8,6,6,7,8,4,6,5,9,7,4,5,7,5,7,7,6,5,8,3,5,1,5
DTLB_LOAD_MISSES.WALK_COMPLETED_4K,r0208:u,0.562380608574,6,6,831,6,5,4,5,6,6,5,6,6,5,6,4,5,5,6,4,5,5,5,5,5,5,5,4,6,1,5,3,4
DTLB_LOAD_MISSES.WALK_COMPLETED_2M_4M,r0408:u,nan,0,0,0,0,0,0,0,0,0,0,0,0,0,0,0,0,0,0,0,0,0,0,0,0,0,0,0,0,0,0,0,0
DTLB_LOAD_MISSES.WALK_COMPLETED,r0e08:u,0.561575475091,6,5,829,6,5,6,5,6,6,7,4,7,6,5,4,3,6,4,5,5,5,5,4,6,4,6,4,6,3,5,4,3
DTLB_LOAD_MISSES.WALK_DURATION,r1008:u,0.557272966074,623,618,16755,788,596,668,647,712,659,881,445,870,714,696,632,831,748,743,554,513,470,688,615,682,664,715,782,700,673,815,968,623
DTLB_LOAD_MISSES.STLB_HIT_4K,r2008:u,0.556227608317,6,2,691,3,12,-1,9,-1,1,26,0,-6,1,-7,21,-5,-14,43,15,15,4,6,-1,8,-1,9,-2,14,4,3,-8,-5
DTLB_LOAD_MISSES.STLB_HIT_2M,r4008:u,nan,0,0,0,0,0,0,0,0,0,0,0,0,0,0,0,0,0,0,0,0,0,0,0,0,0,0,0,0,0,0,0,0
DTLB_LOAD_MISSES.STLB_HIT,r6008:u,0.563736783232,-4,9,685,9,-30,6,5,-34,8,3,-4,6,1,-4,3,-3,7,-8,12,26,7,8,5,-1,0,-2,-4,-22,-6,9,3,6
DTLB_LOAD_MISSES.PDE_CACHE_MISS,r8008:u,-0.324605405445,0,3,-3,0,1,2,4,4,1,2,5,-1,-1,2,3,3,0,0,2,0,0,0,2,1,3,0,4,2,3,2,1,1
INT_MISC.RECOVERY_CYCLES,r030d:u,-0.343308558063,1872,1887,1869,1757,2252,2109,2372,2436,2281,2342,2338,2408,2044,2781,2814,2329,2299,2544,1977,1889,1162,2362,2274,2315,1770,2218,1976,2479,2035,2299,2121,1676
UOPS_ISSUED.ANY,r010e:u,0.144897005375,43013333,43011219,43011883,43011197,43019315,43009728,43011551,43016345,43012315,43010863,43009744,43012493,43010221,43015679,43015177,43011681,43011670,43013236,43003886,43006538,43001137,43011088,43011151,43012030,43007179,43010734,43008605,43013695,43008589,43009965,43008785,43006547
UOPS_ISSUED.FLAGS_MERGE,r100e:u,-0.0759147644537,0,-2,-1,3,4,-1,-1,-1,-3,2,1,-4,1,60,2,-4,6,13,3,-7,-2,1,-6,-3,4,-1,-1,-3,-5,4,0,5
UOPS_ISSUED.SLOW_LEA,r200e:u,-0.152348019376,4,-4,0,10,8,7,3,10,4,6,15,-7,15,63,8,1,14,14,14,-14,8,9,-7,0,11,0,5,-4,-8,11,9,17
UOPS_ISSUED.SiNGLE_MUL,r400e:u,0.222909777023,5245156,5244169,5244658,5246200,5245924,5245695,5244962,5244942,5244813,5244482,5244324,5244812,5244443,5245855,5244429,5244585,5244256,5244242,5243371,5243654,5243516,5244222,5244681,5244710,5244134,5244254,5244211,5244678,5244084,5244244,5244383,5244456
L2_RQSTS.DEMAND_DATA_RD_MISS,r2124:u,0.240739369819,1208,1152,1184,1215,1116,1235,1158,1179,1197,1118,1234,1134,1244,1187,1172,1141,1140,1161,1077,1135,1148,1157,1144,1142,1158,1152,1152,1162,1151,1168,1139,1174
L2_RQSTS.DEMAND_DATA_RD_HIT,r4124:u,-0.0376943671056,551,902,1172,527,730,860,813,816,804,753,716,704,756,713,699,734,672,717,834,742,1150,1102,826,959,897,1062,1185,1103,906,818,705,860
L2_RQSTS.ALL_DEMAND_DATA_RD,re124:u,0.0345450224632,1785,2052,2392,1711,1821,2062,1988,2051,1972,1861,1881,1930,1977,1848,1863,1924,1815,1884,1891,1876,2305,2258,1978,2103,2070,2223,2351,2251,2055,1987,1846,2053
L2_RQSTS.RFO_HIT,r4224:u,0.527031352396,64105,64109,64049,63799,63777,63757,63879,63687,63823,63691,63752,63229,63633,63664,63680,63608,63369,63530,63804,63761,63757,63842,63743,63650,63470,63754,63669,63763,63719,63501,63681,62732
L2_RQSTS.RFO_MISS,r2224:u,0.137348875907,1412,1353,1458,1380,1341,1373,1248,1407,1289,1225,1286,1591,1415,1256,1319,1354,1399,1413,1254,1235,1257,1265,1252,1273,1492,1325,1338,1247,1305,1489,1279,1888
L2_RQSTS.ALL_RFO,re224:u,0.808035825375,65494,65516,65485,65276,65047,65115,65082,65092,65046,64882,65088,64716,65058,64906,65033,64996,64617,64901,64943,64926,65073,65069,64997,64906,65007,65167,65038,65103,64962,65000,64772,64948
L2_RQSTS.CODE_RD_HIT,r4424:u,-0.136136990191,0,1,3,2,2,-4,4,9,6,0,3,-2,-1,-5,-1,8,2,12,8,-1,5,0,13,3,12,1,5,-1,0,4,6,4
L2_RQSTS.CODE_RD_MISS,r2424:u,-0.138840509048,5,3,6,7,5,-1,11,16,13,1,5,3,2,-7,2,12,7,23,15,4,9,4,20,10,20,6,7,2,2,7,12,6
L2_RQSTS.ALL_DEMAND_MISS,r2724:u,0.377907144601,2740,2652,2585,2757,2341,2503,2478,2636,2536,2364,2658,2786,2627,2366,2500,2574,2779,2533,2355,2415,2426,2437,2431,2469,2784,2450,2524,2440,2410,2563,2539,2539
L2_RQSTS.ALL_DEMAND_REFERENCES,re724:u,0.640022461954,67417,67698,67892,67002,66899,67205,66968,67185,66847,66803,66832,66730,67132,66966,66841,66962,66641,66717,66893,66811,67480,67252,66926,67033,67093,67259,67387,67311,67208,66995,66740,66890
L2_RQSTS.ALL_CODE_RD,re424:u,0.105173768042,20,11,16,2,11,6,5,26,6,1,12,-8,14,-20,11,11,24,12,20,3,11,2,16,33,4,-6,18,15,10,4,30,9
L2_RQSTS.L2_PF_HIT,r5024:u,0.706146837529,2760,2800,3263,2742,2716,2647,2336,2889,2393,2311,2527,2323,2654,2569,2376,2670,2265,2566,2264,2237,2247,2338,2217,2290,2415,2330,2386,2357,2374,2459,2262,2435
L2_RQSTS.L2_PF_MISS,r3024:u,-0.63012557048,128695,128728,128590,128983,129027,129200,129029,129236,129021,129033,129044,129010,129149,129061,129016,129123,128842,129023,128936,128870,128977,128996,129001,128558,129071,129040,129050,129152,129136,129009,129187,129201
L2_RQSTS.ALL_PF,rf824:u,-0.123881488075,196289,195492,194581,195977,196271,196124,195585,195942,195702,195705,195730,195687,196266,195584,195626,195988,195374,196491,195479,195524,195243,195346,195370,195287,195632,195347,195356,195328,195465,195760,195765,195944
L2_RQSTS.MISS,r3f24:u,0.108435392088,132035,131776,132311,131828,131960,132140,131804,132082,131838,131873,131807,131860,132378,131864,131733,132321,131721,133298,131686,131610,131686,131770,131700,131801,131959,131829,131808,131784,131772,131943,131736,131920
L2_RQSTS.REFERENCES,rff24:u,0.311076381722,263579,263044,262386,262969,263141,263313,262562,262974,262582,262471,262554,262530,263334,262196,262378,263002,262077,262996,262404,262308,262707,262695,262248,262064,262692,262731,262715,262634,262564,262786,262617,262936
L2_DEMAND_RQSTS.WB_HIT,r5027:u,-0.28976372746,65171,65179,65228,65109,65396,65381,65361,65392,65420,65421,65392,65395,65220,65356,65447,65113,65338,64940,64708,65386,65399,65375,65344,65360,65332,65346,65371,65354,65426,65304,65415,65314
LONGEST_LAT_CACHE.REFERENCE,cache-references:u,0.162436762222,3153,3031,4751,3342,3376,3436,3339,3449,3467,3394,3372,3418,3408,3597,3292,3643,3324,4867,3299,3208,3189,3299,3188,3724,3293,3462,3231,3501,3160,3811,3115,3405
LONGEST_LAT_CACHE.MISS,cache-misses:u,-0.0897383013809,1303,1794,2425,1412,1663,1449,1979,1767,2214,2190,2062,2125,1642,2643,2137,2013,2144,2530,1707,2088,1257,1585,1938,2837,1495,1698,1304,1750,1237,2337,1908,1603
CPU_CLK_UNHALTED.THREAD_P,cycles:u,1.0,19926451,20045730,20812170,16999305,12483883,11898319,11859526,11885418,11880704,11858699,11843290,11848949,11855320,11809792,11811779,11816075,11783966,11819825,11767226,11766713,11766232,11766720,11771719,11814803,11776939,11784681,11761655,11788768,11766996,11814424,11771891,11803407
CPU_CLK_THREAD_UNHALTED.REF_XCLK,bus-cycles:u,0.999923457845,514247,516270,534965,438634,321083,306449,305102,306348,308343,305680,305268,307518,305272,304102,304247,304591,304229,305048,302816,303718,303774,302857,302411,307118,303477,304317,302848,304083,303288,305000,303025,304569
L1D_PEND_MISS.PENDING,r0148:u,0.508499537756,45015,20457,139782,38005,19256,44920,33309,41642,31639,20786,20292,57901,50341,25929,22532,41569,27746,41803,42716,20640,27415,33444,28724,27783,25415,39317,28685,29430,25804,44614,23318,34915
DTLB_STORE_MISSES.MISS_CAUSES_A_WALK,r0149:u,0.711844275332,1030,1030,1045,1031,1030,1029,1029,1029,1026,1029,1028,1028,1026,1028,1029,1028,1029,1028,1027,1027,1027,1028,1027,1026,1027,1027,1026,1026,1027,1027,1027,1027
DTLB_STORE_MISSES.WALK_COMPLETED_4K,r0249:u,0.722324634209,1030,1030,1044,1031,1030,1029,1029,1028,1026,1029,1028,1027,1026,1028,1028,1027,1029,1028,1028,1027,1027,1028,1028,1027,1027,1027,1026,1026,1027,1026,1028,1027
DTLB_STORE_MISSES.WALK_COMPLETED_2M_4M,r0449:u,nan,0,0,0,0,0,0,0,0,0,0,0,0,0,0,0,0,0,0,0,0,0,0,0,0,0,0,0,0,0,0,0,0
DTLB_STORE_MISSES.WALK_COMPLETED,r0e49:u,0.628236070485,1029,1028,1046,1030,1030,1028,1028,1028,1028,1027,1027,1026,1028,1028,1028,1028,1028,1026,1027,1027,1028,1026,1028,1029,1029,1028,1028,1027,1028,1027,1026,1027
DTLB_STORE_MISSES.WALK_DURATION,r1049:u,-0.289211523924,19716,18345,18700,18595,20063,20201,19218,20562,20521,19724,17877,21841,21207,20057,19543,21230,19962,20876,21942,16788,17224,20140,20901,19397,19414,20677,20252,19569,18258,21529,21823,24003
DTLB_STORE_MISSES.STLB_HIT_4K,r2049:u,-0.99150581938,1602,1553,1515,1805,2239,2329,2296,2278,2300,2286,2307,2297,2265,2263,2268,2266,2257,2259,2236,2256,2291,2205,2266,2288,2284,2241,2226,2258,2290,2245,2276,2223
DTLB_STORE_MISSES.STLB_HIT_2M,r4049:u,nan,0,0,0,0,0,0,0,0,0,0,0,0,0,0,0,0,0,0,0,0,0,0,0,0,0,0,0,0,0,0,0,0
DTLB_STORE_MISSES.STLB_HIT,r6049:u,-0.990310790201,1604,1543,1531,1796,2236,2315,2301,2277,2264,2295,2303,2290,2265,2277,2250,2269,2266,2304,2284,2269,2308,2190,2295,2242,2284,2248,2202,2241,2273,2249,2266,2242
DTLB_STORE_MISSES.PDE_CACHE_MISS,r8049:u,-0.0618675100737,1,0,1,1,1,1,0,1,1,1,1,0,1,1,1,1,1,0,0,1,1,0,1,2,1,0,1,1,1,1,1,1
LOAD_HIT_PRE.SW_PF,r014c:u,nan,0,0,0,0,0,0,0,0,0,0,0,0,0,0,0,0,0,0,0,0,0,0,0,0,0,0,0,0,0,0,0,0
LOAD_HIT_PRE.HW_PF,r024c:u,0.244041328816,586,129,2090,825,813,440,689,421,1268,721,541,330,736,591,902,468,2579,499,326,341,266,385,560,897,328,390,185,586,194,423,49,-55
L1D.REPLACEMENT,r0151:u,0.638129189929,132030,131892,132011,131970,131979,131853,131745,131881,131932,131709,131714,131671,131718,131835,131731,131753,131721,131731,131799,131857,131847,131800,131934,131735,131772,131764,131744,131809,131776,131859,131771,131848
MOVE_ELIMINATION.INT_NOT_ELIMINATED,r0458:u,-0.00373010411873,0,1,1,1,4,1,3,2,-1,4,2,0,3,-1,-1,2,1,2,-3,-1,3,-2,-1,0,0,2,0,-1,2,0,1,3
MOVE_ELIMINATION.SIMD_NOT_ELIMINATED,r0858:u,-0.474075371786,6,8,9,10,11,13,14,11,13,15,14,15,18,13,18,15,20,14,6,7,7,12,20,18,10,14,14,14,12,12,14,12
MOVE_ELIMINATION.INT_ELIMINATED,r0158:u,0.046305928876,42,5,0,43,27,-2,5,20,42,24,35,19,4,7,22,20,4,27,4,35,27,10,36,29,22,34,18,18,-8,15,14,-17
MOVE_ELIMINATION.SIMD_ELIMINATED,r0258:u,0.493685363437,1049168,1048863,1049089,1049192,1049074,1048887,1049070,1049077,1048880,1048916,1048888,1048907,1048926,1048849,1048988,1048871,1048815,1048849,1048677,1048734,1048697,1048854,1049034,1048935,1048857,1048870,1048840,1048919,1048921,1048823,1048880,1048856
CPL_CYCLES.RING0,r015c:u,0.271560816918,1,1,1,1,1,1,1,0,0,0,0,0,1,1,1,1,1,0,1,1,0,1,0,1,1,1,1,0,0,1,1,0
CPL_CYCLES.RING123,r025c:u,0.999944820107,19940797,20122463,20730383,17016602,12498451,11871812,11881367,11903161,11864959,11855877,11832889,11837270,11821495,11837684,11815563,11797279,11790545,11779281,11755151,11760437,11767666,11768409,11800137,11812220,11776284,11767355,11770547,11782097,11784593,11775648,11799671,11784686
RS_EVENTS.EMPTY_CYCLES,r015e:u,-0.229429271293,22296,16646,20988,21733,14863,15919,24775,20103,20241,22423,22620,26830,24393,24154,26277,29359,29761,25517,12922,19956,19821,20410,34528,55712,24385,25084,22796,31413,19992,28116,40806,38659
OFFCORE_REQUESTS_OUTSTANDING.DEMAND_DATA_RD,r0160:u,0.947665387288,160955115,180480762,241770427,123994385,61858320,60253705,70130239,61630144,63356217,62978978,65358859,57889209,72646319,74470538,68363858,65123044,61705027,93350302,52369429,72814422,69064808,51637794,50319304,82807289,50903723,68706882,48356829,57871688,64205648,64256827,69511834,59358799
OFFCORE_REQUESTS_OUTSTANDING.DEMAND_CODE_RD,r0260:u,0.820177447092,111174430,116937423,110959362,103904792,31807927,24451615,36747271,37208022,-6980347,20610193,21674847,23861008,32210459,47806975,19423522,61759631,18563652,24183562,57884281,74821725,73681163,25961879,25005422,46640733,32761493,27736323,28986379,57278015,14403927,24845400,22792097,38546762
OFFCORE_REQUESTS_OUTSTANDING.DEMAND_RFO,r0460:u,0.0457048755273,519873,142030,-129585,8720886,4784720,-264439,2512082,431836,1562975,-112977,-11757,-145780,151464,6173905,-631477,1250943,2467364,-119849,-235073,-63327,4004630,1496291,-61291,-600596,290589,5970171,5608889,-799627,249827,406601,65619,709980
OFFCORE_REQUESTS_OUTSTANDING.ALL_DATA_RD,r0860:u,0.932939594681,119210392,102671296,93325904,100354861,63164561,53986580,57873188,57367137,62584192,46062107,48220281,54441138,60975735,51263750,52239489,51430998,53891868,57616421,61436511,51234782,62168451,61577119,58888022,52828509,53968144,53066558,55198731,57460732,51300398,52362524,52513793,56346426
LOCK_CYCLES.SPLIT_LOCK_UC_LOCK_DURATION,r0163:u,nan,0,0,0,0,0,0,0,0,0,0,0,0,0,0,0,0,0,0,0,0,0,0,0,0,0,0,0,0,0,0,0,0
LOCK_CYCLES.CACHE_LOCK_DURATION,r0263:u,nan,0,0,0,0,0,0,0,0,0,0,0,0,0,0,0,0,0,0,0,0,0,0,0,0,0,0,0,0,0,0,0,0
IDQ.EMPTY,r0279:u,-0.152232053256,13042,15006,13517,15519,15090,14580,15412,15771,20342,14667,15590,19119,22318,15224,18375,17018,25550,21737,7765,8925,10448,13028,18711,22674,14777,15765,14199,17762,12515,14293,12664,12611
IDQ.MITE_UOPS,r0479:u,-0.210542029079,4532,4147,1850,3783,3847,2519,2915,6957,6556,2384,3805,3616,6060,2430,5359,4194,7163,7450,3631,2715,2966,2314,4140,7278,4850,4632,3449,5246,3588,4407,5567,7183
IDQ.DSB_UOPS,r0879:u,0.391521835844,11846,102677,16724,20704,18936,17374,22919,20737,24924,25392,20924,17031,20806,18978,16221,19471,19785,17280,12710,13698,9459,14545,27272,23294,21041,20993,18418,23789,21688,17976,21553,47324
IDQ.MS_DSB_UOPS,r1079:u,-0.300586495637,-43,-36,-54,-29,-49,8,-1,-44,56,-37,12,-34,-4,6,22,-52,-29,-4,-58,-22,-41,-15,98,59,6,38,55,176,13,7,32,243
IDQ.MS_MITE_UOPS,r2079:u,-0.218413127605,5965,6725,6095,6017,5218,5337,6324,5775,9637,9183,7865,8717,8003,7625,7615,7670,10022,7582,4081,4879,4540,5984,11427,9496,7029,8376,6913,10693,7999,6962,6218,16784
IDQ.MS_UOPS,r3079:u,-0.221662256819,5923,6690,6041,5988,5169,5345,6323,5731,9694,9146,7877,8684,7999,7631,7637,7618,9993,7579,4023,4857,4499,5970,11525,9556,7036,8415,6969,10870,8013,6969,6250,17027
IDQ.ALL_DSB_CYCLES_ANY_UOPS,r01001879:u,-0.159432217928,6112,4909,5273,5997,5743,6430,7864,6478,16489,6974,5339,5451,4601,4483,6627,5997,8372,4114,3247,18625,4001,5295,5835,11619,4654,6547,5630,11416,6922,4056,6489,11121
IDQ.ALL_DSB_CYCLES_4_UOPS,r04001879:u,-0.0915586086483,3788,2524,3427,3142,3623,3922,4525,3319,9455,3782,2911,3069,2730,2625,3330,2989,4401,2002,1039,7903,1731,2587,2866,7033,2643,3502,2977,5269,3639,1860,3299,5592
IDQ.ALL_MITE_CYCLES_ANY_UOPS,r01002479:u,-0.155003262545,4152,3212,5077,3822,3053,3337,4794,4066,12441,5404,4455,4289,3836,3810,5891,4988,7271,3669,3218,6879,3085,3823,4362,9035,2970,4332,3676,8528,5224,3240,4355,9040
IDQ.ALL_MITE_CYCLES_4_UOPS,r04002479:u,-0.090625689391,1774,1392,2430,1557,1130,1221,1877,1488,4756,2156,1770,1608,1578,1362,2289,1979,3005,1486,1229,4820,1091,1353,1862,3415,1092,1683,1398,4121,2209,1250,1613,3917
IDQ.MITE_ALL_UOPS,r3c79:u,-0.170907013424,27297,20861,26066,28798,29415,29658,32684,31944,63960,26967,35230,30976,42839,92013,40385,28177,37491,40897,18383,34638,20116,30898,263031,27823,25535,25443,26279,63525,64416,60364,37424,57990
ICACHE.MISSES,r0280:u,0.228985641773,36,32,25,30,32,30,33,24,34,18,33,32,22,25,30,35,26,32,23,29,28,29,29,37,17,22,24,-3,1,1,11,5
ITLB_MISSES.MISS_CAUSES_A_WALK,r0185:u,-0.382694923477,0,0,1,2,5,3,2,3,3,2,3,2,2,0,2,3,3,4,0,1,2,2,3,2,2,6,4,1,1,1,5,1
ITLB_MISSES.WALK_COMPLETED_4K,r0285:u,-0.0684000903326,0,-1,1,0,2,1,0,1,1,0,1,-1,0,-1,0,0,0,1,0,0,0,-1,1,0,0,2,1,0,0,-1,1,-1
ITLB_MISSES.WALK_COMPLETED_2M_4M,r0485:u,nan,0,0,0,0,0,0,0,0,0,0,0,0,0,0,0,0,0,0,0,0,0,0,0,0,0,0,0,0,0,0,0,0
ITLB_MISSES.WALK_COMPLETED,r0e85:u,-0.186591423902,0,1,-1,-1,0,0,1,0,0,1,0,0,0,0,0,0,0,-1,1,0,-1,0,1,0,1,0,0,1,0,0,0,0
ITLB_MISSES.WALK_DURATION,r1085:u,-0.0941293255913,149,195,122,195,224,171,212,156,107,155,119,135,169,154,147,161,100,310,123,111,180,172,347,289,254,170,172,212,55,234,182,200
ITLB_MISSES.STLB_HIT_4K,r2085:u,-0.0333790850681,-1,0,0,0,0,0,0,0,0,0,0,0,0,0,0,0,0,-1,-1,0,-1,0,0,0,0,-1,0,0,0,0,-1,-1
ITLB_MISSES.STLB_HIT_2M,r4085:u,nan,0,0,0,0,0,0,0,0,0,0,0,0,0,0,0,0,0,0,0,0,0,0,0,0,0,0,0,0,0,0,0,0
ITLB_MISSES.STLB_HIT,r6085:u,0.047859411021,0,0,0,-1,0,0,-1,0,0,0,0,-1,0,0,0,0,0,0,0,0,0,0,-1,-1,0,0,0,0,-1,-1,0,0
ILD_STALL.LCP,r0187:u,-0.0376332677614,2,0,1,-2,1,1,-1,2,1,1,1,0,1,-1,0,1,2,0,1,2,0,2,0,0,1,1,1,1,-1,0,0,1
ILD_STALL.IQ_FULL,r0487:u,0.690567061614,1117,31246,35591,37546,6296,3650,7761,1295,3111,2768,1647,3617,2022,22620,12575,695,6839,2089,6354,8880,677,3421,1676,3357,1736,3328,1209,2417,3643,2766,4060,7279
BR_INST_EXEC.COND.NOTAKEN,r4188:u,0.945599472065,1049142,1048844,1049140,1049035,896215,831443,843817,845194,816980,804102,812897,794066,800870,784698,790624,789699,774761,785080,775935,767679,767889,781475,782895,782526,775860,789194,793145,778362,775084,788446,784267,769941
BR_INST_EXEC.COND.TAKEN,r8188:u,0.499357448606,5245617,5244135,5245346,5245078,5245065,5245131,5245023,5244808,5244786,5244358,5244152,5244360,5244285,5244343,5244123,5244349,5244164,5243667,5243209,5243537,5243421,5244232,5244767,5244321,5243967,5243985,5244206,5244369,5244017,5243962,5244043,5243847
BR_INST_EXEC.DIRECT_JMP.TAKEN,r8288:u,-0.171686293169,-1,0,2,0,3,3,3,3,7,-6,-2,3,0,-2,7,4,0,2,8,-6,1,1,5,3,1,0,2,4,5,2,1,5
BR_INST_EXEC.INDIRECT_JMP_NON_CALL_RET.TAKEN,r8488:u,-0.00179782152342,6,-1,-1,1,1,-1,5,-1,16,0,6,0,2,-2,2,0,0,-2,-1,-5,0,2,10,0,-3,-3,-1,5,7,-3,-1,2
BR_INST_EXEC.RETURN_NEAR.TAKEN,r8888:u,-0.0432546588051,12,0,3,0,8,-7,4,2,6,-6,4,6,14,8,7,5,-2,5,11,-1,7,3,12,1,10,2,6,8,2,-2,10,12
BR_INST_EXEC.DIRECT_NEAR_CALL.TAKEN,r9088:u,0.0764127765923,24,-1,1,5,-3,-18,4,-3,15,-3,-3,0,12,11,17,2,-1,22,9,-13,9,-5,14,-4,8,1,1,14,7,12,12,16
BR_INST_EXEC.INDIRECT_NEAR_CALL.TAKEN,ra088:u,-0.0331912446688,0,0,0,-1,0,0,0,-1,0,0,0,0,-1,0,1,0,0,0,0,0,1,-1,0,0,0,0,0,0,-1,0,-1,0
BR_INST_EXEC.ALL_BRANCHES,rff88:u,0.940762269206,6295799,6293329,6294606,6294517,6142903,6054987,6084473,6085562,6066384,6052275,6033047,6020430,6035062,6036428,6032646,6041742,6043596,6018873,6011560,6014459,5998432,6029090,6024046,6017331,6032497,6032502,6031140,6019343,5976357,6024345,6014638,6032027
BR_MISP_EXEC.COND.NOTAKEN,r4189:u,0.120001467858,21,14,5,4,5,14,12,13,7,5,5,10,4,1,14,4,4,9,11,6,12,8,20,19,13,3,7,11,13,11,14,13
BR_MISP_EXEC.COND.TAKEN,r8189:u,0.221141815211,53,45,5,16,8,32,14,36,19,12,24,26,11,-7,32,4,-5,11,28,9,41,22,60,53,34,-9,13,-6,24,2,16,-2
BR_MISP_EXEC.INDIRECT_JMP_NON_CALL_RET.TAKEN,r8489:u,0.273599269399,5,3,0,1,0,1,1,3,1,0,1,2,1,-1,2,-1,-1,0,2,-1,3,1,5,4,3,-2,0,-1,1,-2,0,-1
BR_MISP_EXEC.RETURN_NEAR.TAKEN,r8889:u,-0.144661311217,0,0,0,0,0,0,1,0,0,0,0,0,0,0,0,0,0,0,0,0,0,0,1,1,0,0,1,0,0,0,0,0
BR_MISP_EXEC.DIRECT_NEAR_CALL.TAKEN,r9089:u,nan,0,0,0,0,0,0,0,0,0,0,0,0,0,0,0,0,0,0,0,0,0,0,0,0,0,0,0,0,0,0,0,0
BR_MISP_EXEC.INDIRECT_NEAR_CALL.TAKEN,ra089:u,0.0669285826668,2,0,0,-1,0,0,0,0,0,2,0,2,0,0,1,0,0,2,-1,0,0,0,0,0,1,0,-1,0,-1,1,0,0
BR_MISP_EXEC.ALL_BRANCHES,rff89:u,0.201642930446,98,18,51,6,39,14,26,7,3,82,13,90,26,9,49,16,21,82,-8,21,31,43,22,39,42,30,6,28,8,61,47,35
IDQ_UOPS_NOT_DELIVERED.CORE,r019c:u,-0.132741465284,3193228,3177025,3188435,3183901,3191623,3197303,3197438,3194987,3188444,3192775,3186381,3188897,3186547,3190711,3195978,3184748,3184287,3175601,3163868,3170842,3190982,3181249,3214534,3201789,3232662,3187900,3186338,3188710,3186926,3196754,3193427,3190998
UOPS_EXECUTED_PORT.PORT_0,r01a1:u,0.997411391972,17599664,18865587,18456820,14696141,7047579,6583091,6583498,6630410,6578096,6578528,6569893,6541866,6556283,6553395,6531384,6544272,6493807,6486176,6475048,6484254,6511458,6429965,6498138,6466550,6519053,6476269,6486706,6445831,6477092,6441080,6518389,6491486
UOPS_EXECUTED_PORT.PORT_1,r02a1:u,0.381550812162,5250660,5849207,6869693,6415062,5879164,5802928,5799174,5803357,5787850,5793816,5795984,5799415,5798276,5804102,5806492,5810382,5808689,5808891,5813264,5807351,5812085,5808709,5817754,5812598,5817143,5816250,5812767,5814978,5813179,5805435,5817783,5813766
UOPS_EXECUTED_PORT.PORT_2,r04a1:u,0.23370590621,8748247,8687745,8464161,8620431,8606180,8620278,8607575,8591156,8598425,8575891,8542426,8547026,8603864,8619316,8547178,8625314,8570621,8625060,8532197,8618428,8601924,8628140,8578020,8603310,8607992,8569674,8647138,8516737,8546153,8591886,8590137,8616235
UOPS_EXECUTED_PORT.PORT_3,r08a1:u,-0.218279545922,8040255,8094258,8318728,8165580,8176806,8164276,8177742,8193915,8183489,8206523,8239195,8235064,8177870,8163422,8234638,8156226,8211130,8155520,8246437,8161086,8177509,8153073,8204651,8177916,8173482,8211519,8134708,8264582,8235334,8190064,8191176,8165571
UOPS_EXECUTED_PORT.PORT_4,r10a1:u,0.115247348452,6292703,6292228,6292422,6293150,6292701,6292823,6292839,6292747,6292533,6292543,6292536,6292455,6292413,6292882,6292602,6292407,6292832,6292113,6291825,6291901,6292045,6292378,6292516,6292421,6292359,6292354,6292535,6292590,6292531,6292469,6292471,6292419
UOPS_EXECUTED_PORT.PORT_5,r20a1:u,0.504835008225,8091198,8039382,7822133,8239247,8170105,7809003,7788642,7722429,7816048,7791736,7796561,7829358,7804552,7865183,7798629,7808767,7851668,7870992,7847029,7883124,7882176,7923856,7841593,7878515,7850879,7867772,7878886,7873997,7892037,7920537,7872367,7881232
UOPS_EXECUTED_PORT.PORT_6,r40a1:u,0.987427191668,10796182,10842761,11061412,10646273,9715953,9285298,9292375,9309642,9278915,9288605,9283527,9271087,9275855,9269379,9275686,9278594,9266419,9278110,9266053,9264546,9270257,9275461,9282446,9278224,9278717,9273139,9274167,9281486,9271834,9271875,9278632,9277316
UOPS_EXECUTED_PORT.PORT_7,r80a1:u,0.0114683546424,60,143,13,22,107,29,66,44,-33,181,167,47,22,85,39,-10,92,78,28,8,83,139,82,175,-29,74,109,-2,14,-28,52,102
RESOURCE_STALLS.ANY,r01a2:u,0.999976441323,8392397,8508702,9251581,5440883,920890,309656,325547,330494,286862,279235,267059,278712,242079,244877,221729,225844,207029,216273,199807,209030,193631,198712,210368,207837,207395,200678,198029,200747,195929,198280,203588,208555
RESOURCE_STALLS.RS,r04a2:u,0.999860852957,8377944,8496037,9043962,5245388,917581,300275,305198,315575,282315,274088,258893,256190,235898,237985,215786,212875,201538,204231,193525,201250,187130,189156,200973,201573,197729,191867,189194,189635,184578,189788,192023,188581
RESOURCE_STALLS.SB,r08a2:u,-0.0139315211853,237,-396,-439,200,-769,-899,877,-242,-694,-1120,10,708,-1110,-515,-424,69,-2692,513,318,-42,461,105,196,-696,222,-316,137,89,11,57,360,1569
RESOURCE_STALLS.ROB,r10a2:u,0.637055059004,10900,10276,182670,154922,3167,8416,16372,12949,3997,4821,6636,17761,5794,5854,4705,10532,6665,9408,4466,6264,4774,7637,7630,5608,7757,7268,7014,9203,9485,7027,9423,15506
CYCLE_ACTIVITY.CYCLES_L2_PENDING,r01a3:u,0.0916372836439,165889,195051,430025,147352,109965,176099,206989,175070,242199,223754,198208,231964,233354,258352,215807,254632,428618,177274,132084,133999,196555,173819,358776,449976,122862,117989,130173,309249,286438,193944,276650,213229
CYCLE_ACTIVITY.CYCLES_LDM_PENDING,r02a3:u,0.999942668012,39866928,40084199,41917214,33949555,24961048,23711184,23720149,23729962,23660290,23641152,23639340,23585006,23586764,23554185,23537057,23551292,23532508,23481174,23469985,23488854,23504943,23475310,23509482,23518349,23483776,23476552,23476825,23482852,23473304,23466886,23493069,23487992
CYCLE_ACTIVITY.STALLS_L2_PENDING,r05a3:u,0.965494891831,5194664,4845845,6767949,1736291,310891,396807,520085,412356,427334,373776,385115,404074,382924,423128,376077,502906,779959,417181,228142,271529,418612,411312,636860,793179,243110,268506,284774,631885,678291,316647,523795,459991
CYCLE_ACTIVITY.CYCLES_L1D_PENDING,r08a3:u,nan,0,0,0,0,0,0,0,0,0,0,0,0,0,0,0,0,0,0,0,0,0,0,0,0,0,0,0,0,0,0,0,0
LSD.UOPS,r01a8:u,0.120395080312,42988639,42988442,42980825,42982833,42991183,42986356,42980641,42984758,42981666,42984400,42984667,42988865,42987026,42985552,42987564,42985163,42967365,42789118,42981870,42981078,42983054,42977997,42986458,42981953,42987355,42987093,42988666,42962150,42947315,42985377,42933604,42968030
ITLB.ITLB_FLUSH,r01ae:u,nan,0,0,0,0,0,0,0,0,0,0,0,0,0,0,0,0,0,0,0,0,0,0,0,0,0,0,0,0,0,0,0,0
OFFCORE_REQUESTS.DEMAND_DATA_RD,r01b0:u,0.397192199855,1791,1686,3547,1733,1706,1690,2024,1658,1586,1504,1550,1584,1526,1722,1497,1636,3192,2129,1435,1461,1684,2184,1514,2247,1472,1573,1573,1589,1839,1246,1290,1419
OFFCORE_REQUESTS.DEMAND_CODE_RD,r02b0:u,-0.0752282124285,-1,14,5,8,-1,14,7,0,19,10,12,5,5,16,8,7,18,2,4,3,7,15,13,9,9,8,1,8,0,5,4,0
OFFCORE_REQUESTS.DEMAND_RFO,r04b0:u,-0.216400523423,1595,1368,1444,1821,1748,1717,1953,1720,1831,1731,1797,1810,1953,1943,1844,1913,6040,2167,1762,1686,1688,1767,1871,1894,1822,1685,1668,2003,2274,1798,2118,2343
OFFCORE_REQUESTS.ALL_DATA_RD,r08b0:u,-0.130111328736,66274,65975,66010,66385,66343,66090,66529,66389,66073,66093,66087,66080,66069,66480,66369,66197,66110,66275,66108,66103,66135,66195,66080,66083,66172,66174,66169,66190,66201,66077,66109,66314
UOPS_EXECUTED.CORE,r02b1:u,0.146628534596,52452799,52444590,52448456,52460849,52454013,52447822,52456415,52453022,52447562,52447804,52446028,52448060,52447387,52444837,52446138,52448640,52478818,52442502,52434242,52436265,52436977,52444557,52450424,52446093,52442477,52444959,52446083,52446902,52448126,52444314,52449981,52443649
PAGE_WALKER_LOADS.DTLB_L1,r11bc:u,-0.157655693987,1756,1768,1799,1776,1774,1782,1776,1779,1784,1787,1785,1788,1787,1771,1775,1781,1782,1770,1780,1784,1782,1780,1787,1784,1781,1780,1779,1776,1773,1785,1776,1756
PAGE_WALKER_LOADS.ITLB_L1,r21bc:u,-0.0742919772515,0,0,1,-1,2,1,1,0,0,1,4,1,2,-1,-1,0,1,2,0,0,0,2,0,-1,0,0,0,1,0,1,-1,-2
PAGE_WALKER_LOADS.DTLB_L2,r12bc:u,-0.0478635308097,155,160,159,157,165,159,159,156,156,160,160,158,159,158,158,164,155,165,161,158,160,155,158,154,157,158,157,156,155,160,160,156
PAGE_WALKER_LOADS.ITLB_L2,r22bc:u,-0.396579380026,-1,0,0,0,0,0,0,0,0,0,0,0,0,0,0,0,0,0,0,0,0,1,0,0,0,0,0,0,0,0,0,0
PAGE_WALKER_LOADS.DTLB_L3,r14bc:u,0.225468374521,60,77,72,78,60,65,58,59,66,66,67,66,67,62,65,54,49,59,84,76,83,40,69,69,74,75,70,51,65,66,43,61
PAGE_WALKER_LOADS.ITLB_L3,r24bc:u,-0.275697155433,-1,-1,-1,-1,-1,-1,-1,-1,0,-1,0,0,-1,-1,-1,-1,0,-1,0,-1,-1,0,-1,0,0,-1,-1,-1,-1,0,0,0
PAGE_WALKER_LOADS.DTLB_MEMORY,r18bc:u,-0.175372369912,58,47,25,55,42,45,66,77,47,62,33,40,49,76,63,51,49,58,26,30,24,56,69,35,55,51,41,80,73,38,91,69
PAGE_WALKER_LOADS.ITLB_MEMORY,r28bc:u,nan,0,0,0,0,0,0,0,0,0,0,0,0,0,0,0,0,0,0,0,0,0,0,0,0,0,0,0,0,0,0,0,0
TLB_FLUSH.DTLB_THREAD,r01bd:u,nan,0,0,0,0,0,0,0,0,0,0,0,0,0,0,0,0,0,0,0,0,0,0,0,0,0,0,0,0,0,0,0,0
TLB_FLUSH.STLB_ANY,r20bd:u,nan,0,0,0,0,0,0,0,0,0,0,0,0,0,0,0,0,0,0,0,0,0,0,0,0,0,0,0,0,0,0,0,0
INST_RETIRED.ANY_P,instructions:u,0.315198297742,44040048,44040048,44040048,44040048,44040047,44040047,44040048,44040047,44040048,44040047,44040047,44040048,44040048,44040047,44040048,44040048,44040048,44040047,44040047,44040047,44040048,44040048,44040048,44040047,44040048,44040047,44040048,44040047,44040048,44040047,44040048,44040047
INST_RETIRED.ALL,r01c0:u,0.315198297742,44040048,44040048,44040048,44040048,44040047,44040047,44040048,44040047,44040048,44040047,44040047,44040048,44040048,44040047,44040048,44040048,44040048,44040047,44040047,44040047,44040048,44040048,44040048,44040047,44040048,44040047,44040048,44040047,44040048,44040047,44040048,44040047
OTHER_ASSISTS.AVX_TO_SSE,r08c1:u,nan,0,0,0,0,0,0,0,0,0,0,0,0,0,0,0,0,0,0,0,0,0,0,0,0,0,0,0,0,0,0,0,0
OTHER_ASSISTS.SSE_TO_AVX,r10c1:u,nan,0,0,0,0,0,0,0,0,0,0,0,0,0,0,0,0,0,0,0,0,0,0,0,0,0,0,0,0,0,0,0,0
OTHER_ASSISTS.ANY_WB_ASSIST,r40c1:u,nan,0,0,0,0,0,0,0,0,0,0,0,0,0,0,0,0,0,0,0,0,0,0,0,0,0,0,0,0,0,0,0,0
UOPS_RETIRED.ALL,r01c2:u,-0.217986098305,54529742,54529648,54529598,54529617,54529218,54530658,54529508,54530335,54530378,54530666,54530397,54530905,54531021,54530215,54530522,54529685,54530976,54529357,54527812,54529384,54527704,54530524,54534945,54533360,54531853,54530752,54530205,54531867,54532108,54529374,54531338,54530213
UOPS_RETIRED.RETIRE_SLOTS,r02c2:u,-0.218070878773,42995408,42995309,42995270,42995282,42994909,42996333,42995186,42996001,42996045,42996332,42996081,42996567,42996670,42995891,42996185,42995369,42996620,42995024,42993482,42995041,42993386,42996174,43000606,42998936,42997483,42996406,42995883,42997471,42997710,42995060,42996955,42995865
MACHINE_CLEARS.MEMORY_ORDERING,r02c3:u,0.620546851635,88,68,61,80,48,82,84,90,-3,0,-1,2,0,0,1,3,0,2,-1,1,1,2,2,7,-1,0,-2,4,1,1,0,-1
MACHINE_CLEARS.SMC,r04c3:u,-0.23539842117,66,70,82,66,106,100,88,99,107,111,106,101,105,108,124,114,86,59,18,69,34,89,146,191,78,93,95,92,72,95,79,83
MACHINE_CLEARS.MASKMOV,r20c3:u,nan,0,0,0,0,0,0,0,0,0,0,0,0,0,0,0,0,0,0,0,0,0,0,0,0,0,0,0,0,0,0,0,0
BR_INST_RETIRED.ALL_BRANCHES,branch-instructions:u,0.222092590031,6291438,6291438,6291437,6291438,6291437,6291437,6291437,6291437,6291437,6291437,6291437,6291437,6291437,6291437,6291437,6291437,6291438,6291437,6291438,6291437,6291437,6291437,6291437,6291438,6291440,6291437,6291437,6291438,6291437,6291437,6291437,6291437
BR_INST_RETIRED.CONDITIONAL,r01c4:u,nan,6291434,6291434,6291434,6291434,6291434,6291434,6291434,6291434,6291434,6291434,6291434,6291434,6291434,6291434,6291434,6291434,6291434,6291434,6291434,6291434,6291434,6291434,6291434,6291434,6291434,6291434,6291434,6291434,6291434,6291434,6291434,6291434
BR_INST_RETIRED.NEAR_CALL,r02c4:u,nan,1,1,1,1,1,1,1,1,1,1,1,1,1,1,1,1,1,1,1,1,1,1,1,1,1,1,1,1,1,1,1,1
BR_INST_RETIRED.ALL_BRANCHES,r04c4:u,0.79063342694,6291438,6291438,6291438,6291437,6291437,6291437,6291437,6291437,6291438,6291437,6291437,6291437,6291437,6291437,6291437,6291437,6291437,6291437,6291437,6291437,6291437,6291437,6291437,6291437,6291437,6291437,6291437,6291437,6291437,6291437,6291437,6291437
BR_INST_RETIRED.NEAR_RETURN,r08c4:u,nan,1,1,1,1,1,1,1,1,1,1,1,1,1,1,1,1,1,1,1,1,1,1,1,1,1,1,1,1,1,1,1,1
BR_INST_RETIRED.NOT_TAKEN,r10c4:u,nan,1048574,1048574,1048574,1048574,1048574,1048574,1048574,1048574,1048574,1048574,1048574,1048574,1048574,1048574,1048574,1048574,1048574,1048574,1048574,1048574,1048574,1048574,1048574,1048574,1048574,1048574,1048574,1048574,1048574,1048574,1048574,1048574
BR_INST_RETIRED.NEAR_TAKEN,r20c4:u,nan,5242862,5242862,5242862,5242862,5242862,5242862,5242862,5242862,5242862,5242862,5242862,5242862,5242862,5242862,5242862,5242862,5242862,5242862,5242862,5242862,5242862,5242862,5242862,5242862,5242862,5242862,5242862,5242862,5242862,5242862,5242862,5242862
BR_INST_RETIRED.FAR_BRANCH,r40c4:u,0.204875903548,1,1,1,1,1,0,1,1,1,0,0,1,2,0,0,0,0,1,0,0,0,1,1,1,1,1,0,1,2,1,0,1
BR_MISP_RETIRED.ALL_BRANCHES,branch-misses:u,0.166105713915,63,31,31,5,11,19,29,51,28,24,19,10,33,1,55,35,-2,44,9,7,24,19,55,39,57,43,2,36,43,12,9,15
BR_MISP_RETIRED.CONDITIONAL,r01c5:u,-0.225497963338,21,1,12,2,47,5,36,44,15,4,27,39,-9,0,50,21,25,27,6,12,16,21,14,60,12,41,-16,39,40,22,19,20
BR_MISP_RETIRED.ALL_BRANCHES,r04c5:u,-0.22709321416,23,1,12,2,51,5,41,49,17,5,29,43,-11,0,56,23,27,28,7,13,16,23,16,66,13,47,-19,44,43,24,19,22
BR_MISP_RETIRED.NEAR_TAKEN,r20c5:u,-0.24550255551,15,-4,5,-4,39,1,28,35,12,2,21,32,-15,-4,42,16,19,19,3,7,13,14,5,45,7,35,-17,31,27,18,8,14
FP_ASSIST.X87_OUTPUT,r02ca:u,nan,0,0,0,0,0,0,0,0,0,0,0,0,0,0,0,0,0,0,0,0,0,0,0,0,0,0,0,0,0,0,0,0
FP_ASSIST.X87_INPUT,r04ca:u,nan,0,0,0,0,0,0,0,0,0,0,0,0,0,0,0,0,0,0,0,0,0,0,0,0,0,0,0,0,0,0,0,0
FP_ASSIST.SIMD_OUTPUT,r08ca:u,nan,0,0,0,0,0,0,0,0,0,0,0,0,0,0,0,0,0,0,0,0,0,0,0,0,0,0,0,0,0,0,0,0
FP_ASSIST.SIMD_INPUT,r10ca:u,nan,0,0,0,0,0,0,0,0,0,0,0,0,0,0,0,0,0,0,0,0,0,0,0,0,0,0,0,0,0,0,0,0
FP_ASSIST.ANY,r1eca:u,nan,0,0,0,0,0,0,0,0,0,0,0,0,0,0,0,0,0,0,0,0,0,0,0,0,0,0,0,0,0,0,0,0
ROB_MISC_EVENTS.LBR_INSERTS,r20cc:u,nan,0,0,0,0,0,0,0,0,0,0,0,0,0,0,0,0,0,0,0,0,0,0,0,0,0,0,0,0,0,0,0,0
MEM_UOPS_RETIRED.STLB_MISS.LOADS,r11d0:u,0.560710039928,2,2,816,2,3,1,2,3,2,1,2,2,2,1,2,2,2,2,2,1,1,3,1,2,2,2,2,2,3,1,2,2
MEM_UOPS_RETIRED.STLB_MISS.STORES,r12d0:u,-0.84105483156,1021,1021,1021,1020,1024,1023,1024,1024,1024,1024,1023,1024,1023,1023,1024,1024,1024,1023,1024,1024,1024,1023,1023,1024,1024,1023,1024,1024,1024,1023,1023,1023
MEM_UOPS_RETIRED.LOCK.LOADS,r21d0:u,nan,0,0,0,0,0,0,0,0,0,0,0,0,0,0,0,0,0,0,0,0,0,0,0,0,0,0,0,0,0,0,0,0
MEM_UOPS_RETIRED.LOCK.STORES,r22d0:u,nan,0,0,0,0,0,0,0,0,0,0,0,0,0,0,0,0,0,0,0,0,0,0,0,0,0,0,0,0,0,0,0,0
MEM_UOPS_RETIRED.SPLIT.LOADS,r41d0:u,nan,0,0,0,0,0,0,0,0,0,0,0,0,0,0,0,0,0,0,0,0,0,0,0,0,0,0,0,0,0,0,0,0
MEM_UOPS_RETIRED.SPLIT.STORES,r42d0:u,nan,0,0,0,0,0,0,0,0,0,0,0,0,0,0,0,0,0,0,0,0,0,0,0,0,0,0,0,0,0,0,0,0
MEM_UOPS_RETIRED.ALL.LOADS,r81d0:u,-0.334772579428,10485673,10485771,10485794,10485788,10485751,10485759,10485835,10485799,10485788,10485779,10485760,10485814,10485809,10485793,10485774,10485809,10485772,10485774,10485771,10485782,10485827,10485774,10485771,10485819,10485879,10485760,10485762,10485755,10485884,10485761,10485837,10485854
MEM_UOPS_RETIRED.ALL.STORES,r82d0:u,nan,6291434,6291434,6291434,6291434,6291434,6291434,6291434,6291434,6291434,6291434,6291434,6291434,6291434,6291434,6291434,6291434,6291434,6291434,6291434,6291434,6291434,6291434,6291434,6291434,6291434,6291434,6291434,6291434,6291434,6291434,6291434,6291434
MEM_LOAD_UOPS_RETIRED.L1_HIT,r01d1:u,-0.331445492694,10484876,10484477,10474613,10485281,10483962,10481657,10481592,10481681,10483333,10483986,10483508,10482948,10484172,10484027,10483160,10484270,10484402,10484182,10484159,10484096,10483559,10483876,10482814,10483546,10483781,10483722,10483588,10483768,10483028,10484453,10484413,10484125
MEM_LOAD_UOPS_RETIRED.L2_HIT,r02d1:u,-0.489159767872,398,727,0,-2,31,622,610,666,566,571,541,536,542,533,539,568,514,532,679,664,1067,808,659,818,765,908,955,910,849,613,589,573
MEM_LOAD_UOPS_RETIRED.L3_HIT,r04d1:u,0.357534994187,-45,3,-28,-15,-64,-82,-85,-76,-57,-34,-45,-49,-11,-16,-69,-14,-23,-74,-74,-81,-75,-41,-54,-22,-84,-58,-69,-60,-83,-7,-53,-2
MEM_LOAD_UOPS_RETIRED.L1_MISS,r08d1:u,-0.506100438643,440,748,108,267,72,630,665,699,739,615,642,569,604,603,648,622,542,657,765,689,1070,941,724,827,907,919,990,924,843,905,816,714
MEM_LOAD_UOPS_RETIRED.L2_MISS,r10d1:u,0.0925535343581,38,56,107,272,35,40,55,66,149,46,118,51,50,65,87,58,53,112,97,47,55,59,37,39,147,31,37,38,83,262,219,143
MEM_LOAD_UOPS_RETIRED.L3_MISS,r20d1:u,-0.0900521618265,22,32,112,245,54,49,115,67,182,37,87,61,58,60,156,62,50,186,132,108,107,85,49,29,185,96,104,107,127,142,182,141
MEM_LOAD_UOPS_RETIRED.HIT_LFB,r40d1:u,0.486512385102,507,301,12042,2732,1704,2175,3462,1919,2617,1071,1335,1139,1193,1090,1683,842,789,1738,1068,780,1268,993,992,1112,1222,1060,1125,1025,1209,818,720,1136
MEM_LOAD_UOPS_L3_HIT_RETIRED.XSNP_MISS,r01d2:u,-0.191588357905,-3,-8,0,9,-6,-1,2,0,0,1,3,0,11,0,12,4,-1,3,0,2,-2,-1,2,0,-1,1,6,-3,1,-1,-4,-5
MEM_LOAD_UOPS_L3_HIT_RETIRED.XSNP_HIT,r02d2:u,0.0278230648713,0,0,0,0,0,0,0,0,0,-1,0,0,2,0,0,0,0,0,0,0,-1,0,0,0,0,0,0,0,0,0,0,-1
MEM_LOAD_UOPS_L3_HIT_RETIRED.XSNP_HITM,r04d2:u,0.0988555931458,0,0,0,0,0,0,0,0,0,0,0,0,0,0,0,0,0,0,0,0,0,0,0,0,0,0,0,-1,0,-1,0,0
MEM_LOAD_UOPS_L3_HIT_RETIRED.XSNP_NONE,r08d2:u,0.2218768985,16,26,-61,-72,-34,-9,-80,-29,-57,-23,-56,-24,-51,7,-45,-33,-4,-94,-81,-90,-79,-9,-33,-19,-66,-66,-43,-52,-72,9,-52,32
MEM_LOAD_UOPS_L3_MISS_RETIRED.LOCAL_DRAM,r01d3:u,-0.105517655925,23,1,142,120,87,39,143,65,324,79,31,135,42,58,47,66,39,118,140,113,122,83,37,59,114,108,64,96,103,41,109,-4
BACLEARS.ANY,r1fe6:u,-0.112015542823,6,2,6,9,6,4,8,4,9,10,9,8,4,5,18,8,8,3,2,4,7,6,4,10,7,11,7,9,10,4,5,-4
L2_TRANS.DEMAND_DATA_RD,r01f0:u,0.0769195433167,1745,2037,2455,1733,1785,1986,1994,1974,2106,1917,1830,1911,1849,1850,1838,1899,1835,1874,1911,1935,2364,2162,2005,2108,2075,2242,2274,2190,2068,1918,1899,1870
L2_TRANS.RFO,r02f0:u,-0.138883217971,65503,65478,65548,65558,65528,65479,65541,65506,65590,65481,65518,65520,65488,65539,65508,65507,65540,65543,65561,65546,65533,65523,65521,65512,65553,65560,65509,65553,65594,65531,65598,65493
L2_TRANS.CODE_RD,r04f0:u,-0.111598021134,14,17,8,10,6,10,18,7,18,10,10,34,20,10,36,16,8,17,28,24,20,4,4,25,27,20,2,1,19,9,18,5
L2_TRANS.ALL_PF,r08f0:u,-0.0228427322578,131417,130729,131858,131674,131451,131769,131942,131955,131927,131292,131043,131723,131110,131155,131285,131168,130968,131353,131302,131320,131288,131455,131337,130953,131479,131427,131401,131583,131757,131460,132012,131114
L2_TRANS.L1D_WB,r10f0:u,0.0568295556342,65165,65639,65649,65088,65534,65506,65451,65436,65362,65470,65463,65448,65501,65521,65527,65510,65433,65369,64709,65431,65540,65480,65398,65429,65458,65482,65501,65467,65144,65299,64955,65370
L2_TRANS.L2_FILL,r20f0:u,-0.0470557166737,131898,131371,131721,132090,131729,131963,132082,132057,132098,131608,131504,132045,131537,131609,131583,131584,131535,131744,131665,131684,131660,131748,131590,131604,131788,131766,131721,131902,132097,131615,132261,131610
L2_TRANS.L2_WB,r40f0:u,-0.144606674496,63539,65004,62697,62359,64661,64839,64901,65015,64410,64941,64912,64343,64809,65013,65038,65042,64823,60291,57671,64163,64336,64983,65068,65001,64550,64458,64603,65073,62980,65127,63150,63925
L2_TRANS.ALL_REQUESTS,r80f0:u,-0.0570037974228,551759,553184,555489,557347,550212,552121,557171,553847,572416,552977,558465,557890,558409,556614,554195,555391,559869,552575,539558,553370,562147,555504,554630,558592,550173,550101,551960,550506,566888,555235,558059,544223
L2_LINES_IN.I,r01f1:u,-0.0895966527956,3,3,3,8,1,2,6,4,22,4,11,5,3,3,2,3,9,10,3,10,6,2,3,3,2,2,2,2,10,6,4,-2
L2_LINES_IN.S,r02f1:u,-0.299715754788,9,16,16,15,18,11,25,-4,39,57,15,36,-12,11,28,33,22,27,22,42,38,19,28,48,31,63,33,40,52,25,38,13
L2_LINES_IN.E,r04f1:u,0.0874672681311,131988,131436,131757,131919,131538,131677,131893,131561,131899,131943,131545,132068,131539,131897,131539,131492,131548,131781,131609,131685,131654,131684,131538,131817,131803,131615,131707,131617,132073,131597,131830,131650
L2_LINES_IN.ALL,r07f1:u,0.0426783506946,132010,131431,131760,131941,131554,131690,131914,131579,131927,131974,131579,132090,131585,131886,131599,131538,131583,131807,131619,131728,131671,131725,131571,131867,131823,131665,131749,131654,132118,131625,131884,131697
L2_LINES_OUT.DEMAND_CLEAN,r05f2:u,0.140682364639,1885,1498,2612,1984,1625,1783,1909,1591,2290,1904,1952,2119,1787,1972,1731,1750,1899,2029,1767,2009,1870,1899,1560,2243,1860,1713,1728,1638,2703,1572,1821,2171
L2_LINES_OUT.DEMAND_DIRTY,r06f2:u,0.298280152845,1406,1459,2455,1514,1631,1525,1554,1665,1846,1465,1874,1471,1725,1557,1705,1756,1808,1424,1515,1383,1424,1444,1619,1481,1424,1591,1396,1608,1497,1563,1368,1571
