Performance counter,Mnemonic,0,1,2,3,4,5,6,7,8,9,10,11,12,13,14,15,16,17,18,19,20,21,22,23,24,25,26,27,28,29,30,31
LD_BLOCKS.STORE_FORWARD,r0203:u,0,1,0,0,0,0,1,1,1,1,0,0,0,1,0,0,0,1,0,0,0,1,1,1,0,0,0,1,1,0,0,0
LD_BLOCKS.NO_SR,r0803:u,0,0,0,0,0,0,0,0,0,0,0,0,0,0,0,0,0,0,0,0,0,0,0,0,0,0,0,0,0,0,0,0
MISALIGN_MEM_REF.LOADS,r0105:u,6,6,6,6,6,5,5,5,6,6,6,6,5,5,5,5,5,6,5,5,6,5,6,6,6,5,5,6,6,6,6,6
MISALIGN_MEM_REF.STORES,r0205:u,14,15,15,15,15,15,14,13,15,15,14,15,14,15,14,14,15,15,16,14,16,14,14,15,14,15,14,15,15,15,15,14
LD_BLOCKS_PARTIAL.ADDRESS_ALIAS,r0107:u,12152827,12623442,13250586,8977972,2395192,93630,70723,68903,69266,69082,69536,69754,69606,70729,70162,68867,69239,68847,68906,68812,68807,68561,68869,68954,69043,68886,68799,68842,69288,68954,69203,68983
DTLB_LOAD_MISSES.MISS_CAUSES_A_WALK,r0108:u,477,485,552,470,476,488,475,440,476,478,463,479,481,457,471,475,485,468,472,472,447,480,472,473,483,484,484,477,487,467,471,479
DTLB_LOAD_MISSES.WALK_COMPLETED_4K,r0208:u,361,364,426,357,354,367,360,353,357,361,358,360,359,357,358,355,365,357,361,363,341,362,353,355,362,364,363,358,364,356,357,361
DTLB_LOAD_MISSES.WALK_COMPLETED_2M_4M,r0408:u,0,0,0,0,0,0,0,0,0,0,0,0,0,0,0,0,0,0,0,0,0,0,0,0,0,0,0,0,0,0,0,0
DTLB_LOAD_MISSES.WALK_COMPLETED,r0e08:u,361,358,417,353,358,351,357,360,364,357,359,354,359,360,359,360,354,362,348,356,361,350,359,350,359,361,349,355,352,358,357,362
DTLB_LOAD_MISSES.WALK_DURATION,r1008:u,9482,9548,10743,9919,9540,9514,9493,9501,9938,9765,9602,9272,9621,10106,9450,10144,9374,9762,9952,9924,9555,9450,9553,9387,9556,9751,9106,9354,8779,9976,9712,9700
DTLB_LOAD_MISSES.STLB_HIT_4K,r2008:u,1155,1051,1208,924,799,667,916,1030,562,685,596,755,733,644,807,1073,723,1128,1045,1100,618,745,765,788,1002,890,1276,775,824,639,653,1202
DTLB_LOAD_MISSES.STLB_HIT_2M,r4008:u,16,13,19,18,11,14,22,17,18,15,29,19,8,14,13,12,15,15,14,17,18,16,14,25,16,15,22,13,20,16,13,18
DTLB_LOAD_MISSES.STLB_HIT,r6008:u,1330,986,1411,966,1055,1019,735,586,649,745,856,999,633,652,585,710,658,1040,680,715,930,920,934,967,1654,660,1008,971,639,482,601,1215
DTLB_LOAD_MISSES.PDE_CACHE_MISS,r8008:u,229,227,225,206,236,202,219,207,210,231,217,220,216,228,222,228,214,223,210,178,228,218,229,192,223,219,211,233,203,214,218,230
INT_MISC.RECOVERY_CYCLES,r030d:u,221601,221544,222616,220403,223215,220216,220820,220274,219803,222112,220774,220956,220051,221794,221326,221113,221596,221581,220687,217318,222127,221133,221573,218162,221690,221044,223654,221970,220080,220552,220938,220919
UOPS_ISSUED.ANY,r010e:u,123628081,123630582,123633697,123623775,123639244,123621608,123622677,123619990,123617501,123629078,123621891,123623030,123618265,123627849,123625008,123623018,123627093,123624473,123621332,123604791,123628085,123623750,123625369,123609031,123628199,123623073,123640982,123628888,123618688,123620821,123623778,123620469
UOPS_ISSUED.FLAGS_MERGE,r100e:u,1050528,1050464,1050468,1050482,1050468,1050505,1050471,1050474,1050492,1050486,1050485,1050496,1050459,1050476,1050458,1050494,1050482,1050450,1050497,1050449,1050484,1050501,1050477,1050474,1050484,1050485,1050480,1050472,1050464,1050485,1050480,1050492
UOPS_ISSUED.SLOW_LEA,r200e:u,1052138,1052012,1052050,1052027,1052025,1052130,1052026,1052022,1052066,1052103,1052072,1052139,1051960,1052047,1051982,1052117,1052119,1051971,1052088,1051962,1052120,1052116,1052031,1052036,1052113,1052115,1052111,1052019,1051970,1052107,1052053,1052106
UOPS_ISSUED.SiNGLE_MUL,r400e:u,5247521,5246991,5247455,5247181,5246768,5247274,5246962,5246942,5247084,5247167,5247020,5247195,5246879,5246870,5247016,5247025,5247084,5246936,5246728,5246718,5246751,5247003,5247020,5246812,5247118,5246980,5246974,5246955,5246773,5246908,5247034,5246978
L2_RQSTS.DEMAND_DATA_RD_MISS,r2124:u,1938,1856,1938,1849,1735,1613,1774,1797,1781,1739,1768,1758,1722,1765,1730,1780,1768,1718,1791,1724,1680,1570,1754,1758,1762,1759,1765,1708,1788,1782,1748,1782
L2_RQSTS.DEMAND_DATA_RD_HIT,r4124:u,2200,1999,2663,1209,1119,1276,1246,1338,1281,1293,1283,1257,1301,1328,1263,1266,1330,1272,1351,1364,1498,1623,1350,1406,1269,1465,1363,1505,1296,1416,1326,1397
L2_RQSTS.ALL_DEMAND_DATA_RD,re124:u,4404,4170,4878,3305,3203,3217,3357,3447,3352,3340,3334,3284,3379,3388,3346,3317,3412,3269,3433,3399,3448,3493,3411,3465,3311,3500,3424,3523,3329,3504,3434,3502
L2_RQSTS.RFO_HIT,r4224:u,95097,95109,95140,94956,94979,94568,95009,94834,94577,95258,95062,95258,94870,95058,94725,95057,95206,95110,94732,94810,94782,94786,95062,95110,95051,95095,95244,94826,94880,94510,94841,94961
L2_RQSTS.RFO_MISS,r2224:u,3410,3295,3347,3249,3125,3439,3222,3319,3303,3070,3171,3030,3178,3137,3120,3194,3080,3168,3157,3164,3181,3324,3087,3148,3197,3104,2992,3119,3246,3376,3182,3070
L2_RQSTS.ALL_RFO,re224:u,98693,98635,98626,98318,98035,98403,98382,98296,98084,98480,98478,98478,98432,98501,98009,98473,98285,98365,98361,98046,98114,98112,98420,98451,98424,98439,98461,98398,98443,98270,98065,98299
L2_RQSTS.CODE_RD_HIT,r4424:u,709,725,728,781,678,762,763,715,713,681,702,635,727,754,692,727,722,718,731,711,704,760,642,660,735,737,735,743,747,738,690,777
L2_RQSTS.CODE_RD_MISS,r2424:u,1526,1552,1565,1541,1527,1543,1562,1548,1510,1510,1560,1431,1560,1552,1490,1539,1570,1547,1577,1524,1505,1548,1471,1468,1558,1532,1502,1543,1565,1566,1488,1535
L2_RQSTS.ALL_DEMAND_MISS,r2724:u,6742,6692,7329,6529,6487,6172,6504,6547,6610,6158,6411,6153,6580,6484,6782,6402,6495,6601,6576,6474,6463,6435,6244,6278,6510,6434,6331,6382,6551,6547,6338,6563
L2_RQSTS.ALL_DEMAND_REFERENCES,re724:u,105344,104984,105830,104111,103768,103675,104014,103932,103774,103988,104131,104049,104040,104002,103854,104102,104002,104078,104016,103736,103952,103953,104076,103865,104032,104172,104158,104123,103896,104161,104037,104174
L2_RQSTS.ALL_CODE_RD,re424:u,2279,2288,2300,2328,2280,2094,2316,2359,2283,2264,2292,2272,2263,2272,2247,2309,2282,2291,2255,2263,2312,2297,2222,2264,2287,2305,2246,2279,2288,2308,2281,2266
L2_RQSTS.L2_PF_HIT,r5024:u,3802,3716,4178,3727,3672,3651,3823,3873,3750,3618,3620,3604,3650,3701,3818,3572,3607,3631,3685,3703,3846,3699,3605,3711,3623,3618,3578,3673,3709,3605,3692,3627
L2_RQSTS.L2_PF_MISS,r3024:u,160724,160383,160414,160850,160924,161042,160645,160532,160839,160882,160745,160936,160739,160618,160605,160996,160958,160863,160617,161054,160797,160986,160868,160728,160859,160831,160972,160485,160968,160900,160852,160747
L2_RQSTS.ALL_PF,rf824:u,229482,229713,228270,230609,230586,230698,230398,230683,230538,230556,230211,230564,230406,230481,230312,230281,230268,230353,230101,230633,230222,230443,230177,230082,230241,230426,230186,230326,230773,230116,230121,230194
L2_RQSTS.MISS,r3f24:u,168985,169260,169722,169293,169290,169126,169039,169621,169376,169169,169120,169489,168970,169465,168984,168932,169028,168910,169031,169461,169282,169380,168979,169257,168953,169411,169250,169022,169413,169028,169194,169302
L2_RQSTS.REFERENCES,rff24:u,334839,334812,334165,334670,334265,334609,334457,334323,334528,334512,334278,334369,334543,334304,334348,334196,334325,334451,334213,334572,334312,334263,334254,334074,334293,334494,334132,334492,334666,334286,333890,334262
L2_DEMAND_RQSTS.WB_HIT,r5027:u,98180,97948,97957,98007,97970,98035,98051,98033,98015,98145,97868,97960,98046,98037,98042,97988,98099,98051,97982,98128,98100,97942,97970,97949,97941,98275,97960,98101,97893,98201,97882,98146
LONGEST_LAT_CACHE.REFERENCE,cache-references:u,9011,8592,10003,9369,8667,9045,9406,8708,9331,8903,9241,8807,8703,9351,8607,9081,8334,8529,8350,9280,8855,8738,8895,9034,8552,8667,8869,8226,8337,9155,9000,9006
LONGEST_LAT_CACHE.MISS,cache-misses:u,4152,3145,4534,4552,4433,3698,4617,3445,4484,3943,4398,3728,2725,4751,2742,4218,2759,3165,2617,4550,3771,3599,3450,4284,3029,3780,3513,2984,3469,4240,3666,3961
CPU_CLK_UNHALTED.THREAD_P,cycles:u,48685267,48792733,49489547,45797959,41270704,40679259,40677900,40663821,40673644,40659840,40606947,40673120,40600673,40632087,40589728,40589840,40536498,40557853,40561365,40548624,40539327,40535691,40596409,40556139,40562795,40523539,40589943,40553017,40571772,40553984,40569644,40564539
CPU_CLK_THREAD_UNHALTED.REF_XCLK,bus-cycles:u,1257553,1259278,1274986,1180269,1063203,1052951,1050338,1049584,1053530,1048286,1047682,1047850,1047585,1048531,1046129,1045443,1045442,1046652,1046872,1047443,1043437,1045179,1049222,1049316,1047426,1044415,1046521,1045264,1047410,1048315,1050461,1049085
L1D_PEND_MISS.PENDING,r0148:u,188973,185574,263916,169006,158237,182344,166834,166381,167910,166584,163240,166149,162088,168543,167592,166148,166160,164648,167812,159672,142466,169144,172072,169464,162303,164420,165272,170680,166238,156899,158765,160570
DTLB_STORE_MISSES.MISS_CAUSES_A_WALK,r0149:u,2295,2365,2313,2268,2068,1962,1959,1962,1963,1958,1960,1964,1963,1964,1959,1964,1958,1961,1960,1959,1962,1960,1957,1960,1958,1959,1960,1964,1963,1958,1962,1962
DTLB_STORE_MISSES.WALK_COMPLETED_4K,r0249:u,2096,2167,2116,2065,1868,1758,1762,1760,1760,1758,1759,1763,1763,1760,1756,1764,1756,1761,1762,1761,1760,1758,1759,1762,1759,1754,1760,1763,1762,1755,1756,1760
DTLB_STORE_MISSES.WALK_COMPLETED_2M_4M,r0449:u,3,4,3,4,4,4,4,4,4,4,4,4,4,4,4,4,4,4,4,4,3,3,4,4,4,4,4,3,4,4,3,4
DTLB_STORE_MISSES.WALK_COMPLETED,r0e49:u,2097,2170,2121,2068,1875,1763,1769,1763,1763,1757,1762,1774,1765,1764,1766,1764,1765,1766,1760,1761,1768,1762,1772,1768,1766,1764,1767,1757,1764,1764,1761,1764
DTLB_STORE_MISSES.WALK_DURATION,r1049:u,41827,43081,41436,40997,38252,37227,36910,36919,36463,36554,36613,37361,36804,36532,36780,36760,37034,36969,36402,36752,37531,36602,36969,36840,36718,37085,36873,36317,36553,36540,36801,37104
DTLB_STORE_MISSES.STLB_HIT_4K,r2049:u,1889,1961,2173,2023,1998,1945,1862,1928,1876,1948,1973,1870,1877,1937,1989,1900,2003,1981,1960,2196,1823,1899,1921,1911,2058,1909,2057,1891,1895,2020,1938,1882
DTLB_STORE_MISSES.STLB_HIT_2M,r4049:u,3,3,3,3,3,3,3,2,2,3,3,2,3,2,2,2,3,3,2,2,3,3,3,3,2,3,2,2,3,2,2,2
DTLB_STORE_MISSES.STLB_HIT,r6049:u,1952,1903,2230,1993,1944,1982,1892,1901,1976,1966,2057,2008,2000,1868,1983,1952,1898,1977,1973,1899,1876,1970,2188,2106,1997,1949,1864,1913,2148,2035,1865,1977
DTLB_STORE_MISSES.PDE_CACHE_MISS,r8049:u,587,589,589,590,588,586,589,586,588,589,590,586,590,587,590,590,589,590,592,588,590,588,586,588,590,590,589,587,587,590,587,587
LOAD_HIT_PRE.SW_PF,r014c:u,0,0,0,0,0,0,0,0,0,0,0,0,0,0,0,0,0,0,0,0,0,0,0,0,0,0,0,0,0,0,0,0
LOAD_HIT_PRE.HW_PF,r024c:u,9518,9005,9562,8806,8841,8437,8970,7971,7894,7884,8231,7832,8277,7897,8073,8039,8249,8089,8043,7484,7491,8085,8426,7715,7941,7974,7834,7980,7799,7789,7730,7532
L1D.REPLACEMENT,r0151:u,168316,168171,168244,168200,168198,168152,167945,168073,167952,167989,168042,168040,168028,168179,168029,167977,168003,167984,168053,168137,168211,168086,168011,168012,168110,168010,168093,168059,168077,167938,168088,168000
MOVE_ELIMINATION.INT_NOT_ELIMINATED,r0458:u,5945,5890,5904,5918,5924,5955,5892,5961,5940,5890,5907,5820,5902,5878,5915,5911,5916,5928,5907,5881,5945,5912,5954,5876,5936,5961,5913,5896,5930,5943,5933,5953
MOVE_ELIMINATION.SIMD_NOT_ELIMINATED,r0858:u,5,5,5,6,4,5,4,6,6,6,6,8,6,6,7,6,6,3,3,2,5,5,4,6,6,6,6,5,5,7,5,7
MOVE_ELIMINATION.INT_ELIMINATED,r0158:u,54458,54294,54334,54369,54364,54437,54067,54564,54333,54292,54352,53355,54295,54464,54237,54352,54250,54324,54256,54198,54412,54204,54382,53966,54509,54491,54296,54041,54359,54446,54513,54421
MOVE_ELIMINATION.SIMD_ELIMINATED,r0258:u,1049373,1049341,1049404,1049270,1049266,1049274,1049257,1049355,1049275,1049270,1049280,1049283,1049247,1049255,1049260,1049290,1049271,1049262,1049236,1049216,1049212,1049260,1049243,1049242,1049240,1049252,1049274,1049251,1049286,1049263,1049288,1049241
CPL_CYCLES.RING0,r015c:u,674,672,673,672,672,672,670,671,671,673,671,671,672,672,671,672,671,672,671,671,672,671,671,671,672,672,671,671,672,671,673,670
CPL_CYCLES.RING123,r025c:u,48669044,48804252,49541092,45761911,41276960,40651174,40642132,40694899,40633544,40652060,40595596,40632259,40611200,40598924,40565511,40578172,40573284,40554251,40511526,40504098,40538638,40555990,40505616,40522869,40546893,40540889,40550094,40517837,40549291,40535138,40567629,40529331
RS_EVENTS.EMPTY_CYCLES,r015e:u,600882,577502,612716,584000,586369,588561,575410,589798,577618,602534,578254,606132,578670,591391,574547,596737,600104,585664,578142,562506,570332,587011,573760,572796,582261,582489,594299,575182,589430,589984,606142,570644
OFFCORE_REQUESTS_OUTSTANDING.DEMAND_DATA_RD,r0160:u,313113879,304758881,338271430,222704378,225630290,175266225,218919278,258796136,173344294,258491744,262404227,235400470,237587720,179159500,228681350,162574348,234582671,229799979,175395228,283740329,233414482,195721920,222108783,234512860,186698222,155057825,214605368,217574206,194637868,262282777,182428944,268868585
OFFCORE_REQUESTS_OUTSTANDING.DEMAND_CODE_RD,r0260:u,419652514,421791754,428692964,396054973,358229030,355403448,351611719,357737630,352760348,355597265,356917655,353085863,356164673,351315576,341287699,354046242,348362012,358816821,355140615,359406991,355425480,354346933,354946822,366394473,348773610,356160751,352312714,341033526,354053475,354578702,361453249,351445693
OFFCORE_REQUESTS_OUTSTANDING.DEMAND_RFO,r0460:u,36761786,69067442,37950463,14901417,9103100,13341277,22359509,45526043,190862,13496622,13524980,17872043,190814,319139,4512825,22092069,161676,4640360,8902635,63521764,22342858,191382,22226502,28042455,4537452,13609255,26485645,26874846,18420955,66672544,35222302,32938838
OFFCORE_REQUESTS_OUTSTANDING.ALL_DATA_RD,r0860:u,206292676,209589784,215941013,171809442,106399697,140493570,175730656,163888184,116706640,129227341,148420714,160176181,158531795,116936959,145632586,85800657,139837388,199917268,101917912,184431818,103993966,150887534,150647368,171695381,122253373,113330983,115491374,160321202,129375290,154554031,95686253,178463888
LOCK_CYCLES.SPLIT_LOCK_UC_LOCK_DURATION,r0163:u,0,0,0,0,0,0,0,0,0,0,0,0,0,0,0,0,0,0,0,0,0,0,0,0,0,0,0,0,0,0,0,0
LOCK_CYCLES.CACHE_LOCK_DURATION,r0263:u,123,123,122,121,123,123,121,124,122,123,123,122,122,124,122,121,121,122,122,123,122,122,122,123,122,123,122,120,122,122,122,121
IDQ.EMPTY,r0279:u,2463636,2463233,2449728,2454574,2464308,2461595,2460612,2461737,2466661,2461812,2461389,2460151,2471890,2458983,2465022,2458792,2463718,2458014,2459028,2459917,2449166,2457732,2455305,2464718,2485698,2459845,2459415,2460978,2458962,2482627,2454524,2458716
IDQ.MITE_UOPS,r0479:u,138062,140069,135036,135283,137744,136741,140650,139540,139691,131892,139904,139281,226429,136302,138503,134011,148501,136411,136950,134128,136681,134159,137252,139246,403094,138274,135570,139118,135644,545353,137975,138375
IDQ.DSB_UOPS,r0879:u,76486522,76491173,76491214,76489109,76487382,76481716,76490517,76469670,76474670,76482492,76488795,76476025,76481304,76486137,76487608,76463263,76480988,76482348,76485014,76483158,76481522,77387918,76486936,76489628,76484882,76476866,76485302,76486851,76479669,76479044,76484437,76488557
IDQ.MS_DSB_UOPS,r1079:u,1054078,1053761,1053510,1054655,1053760,1054168,1053594,1053052,1053646,1053383,1053613,1053314,1053843,1054120,1053365,1053816,1053330,1053887,1054729,1054358,1053422,1054027,1053450,1053065,1053282,1054039,1053543,1053723,1053591,1054192,1053732,1053275
IDQ.MS_MITE_UOPS,r2079:u,352563,351418,349588,348020,348577,348066,350089,347525,348767,347261,351715,348520,350011,347199,351498,347084,349594,347050,349499,351484,350631,348645,353720,346614,351176,346339,349135,351250,350012,349808,348216,348764
IDQ.MS_UOPS,r3079:u,1406641,1405179,1403098,1402675,1402336,1402234,1403683,1400577,1402413,1400644,1405328,1401834,1403853,1401320,1404863,1400900,1402925,1400938,1404228,1405843,1404053,1402672,1407170,1399678,1404457,1400378,1402678,1404973,1403603,1404000,1401948,1402038
IDQ.ALL_DSB_CYCLES_ANY_UOPS,r01001879:u,23711716,23714363,23711897,23712834,23710420,23712933,23709897,23710683,23707717,23718784,23709228,23712622,23709546,23711502,23713092,23711385,23710037,23709778,23710938,23708106,23710030,23709868,23715601,23711601,23711925,23710659,23715138,23715244,23712953,23712092,23710928,23709462
IDQ.ALL_DSB_CYCLES_4_UOPS,r04001879:u,12898877,12900316,12898603,12899915,12898009,12899549,12897308,12898235,12896048,12902410,12897455,12899758,12897640,12898172,12899494,12898409,12898204,12897739,12898172,12896707,12898525,12897760,12900822,12898449,12898279,12897892,12900436,12900507,12899741,12899117,12898072,12897480
IDQ.ALL_MITE_CYCLES_ANY_UOPS,r01002479:u,245087,243083,241473,244739,241208,244155,243986,243578,242081,244810,242639,245953,242785,244923,243674,245293,242980,241829,244134,243262,243746,243091,244723,243566,242784,243928,245095,245659,246875,243024,246325,244009
IDQ.ALL_MITE_CYCLES_4_UOPS,r04002479:u,50350,49768,48958,49919,48206,49789,49353,49484,48246,49591,49189,50224,49098,49658,49133,50062,49074,48316,49879,49181,49261,48845,49978,48855,49120,49257,49706,49966,50521,48904,50100,49191
IDQ.MITE_ALL_UOPS,r3c79:u,78010062,78024646,78048994,78023949,78011455,78024843,78025160,78017732,78028603,78025279,77996169,78024050,77994749,78018093,78037311,78021377,78019772,78021776,78021928,78024657,78020943,78023155,78019124,78027659,78017074,79030944,78037263,78016247,78026969,78013581,78028344,78059119
ICACHE.MISSES,r0280:u,1222,1240,1232,1267,1208,1202,1221,1249,1262,1274,1231,1303,1196,1232,1238,1222,1269,1245,1111,1195,1147,1205,1259,1219,1245,1194,1147,1276,1254,1251,1253,1212
ITLB_MISSES.MISS_CAUSES_A_WALK,r0185:u,246,243,248,241,251,245,249,250,245,248,250,243,252,246,240,247,246,246,245,250,243,250,242,247,248,250,244,246,245,242,247,246
ITLB_MISSES.WALK_COMPLETED_4K,r0285:u,151,152,153,151,156,153,152,154,151,151,155,153,159,153,150,152,152,153,152,154,151,154,151,150,152,152,151,154,150,151,153,151
ITLB_MISSES.WALK_COMPLETED_2M_4M,r0485:u,0,0,0,0,0,0,0,0,0,0,0,0,0,0,0,0,0,0,0,0,0,0,0,0,0,0,0,0,0,0,0,0
ITLB_MISSES.WALK_COMPLETED,r0e85:u,153,151,151,150,156,151,154,151,152,149,151,150,154,151,154,156,152,157,150,150,148,156,150,151,152,151,152,153,150,152,150,154
ITLB_MISSES.WALK_DURATION,r1085:u,5412,5506,5551,5733,5639,5689,5679,5661,5728,5672,5769,5612,5713,5806,5659,5457,5560,5750,4905,5301,5178,5950,5609,5814,5517,5816,5453,5732,5263,5666,5452,5927
ITLB_MISSES.STLB_HIT_4K,r2085:u,31,31,30,33,30,31,30,30,30,30,30,31,30,31,31,30,31,29,32,30,30,30,32,29,31,30,32,37,31,30,32,30
ITLB_MISSES.STLB_HIT_2M,r4085:u,0,0,0,0,0,0,0,0,0,0,0,0,0,0,0,0,0,0,0,0,0,0,0,0,0,0,0,0,0,0,0,0
ITLB_MISSES.STLB_HIT,r6085:u,31,31,32,29,34,32,29,30,30,31,28,31,30,32,31,30,31,31,31,31,32,31,31,30,30,32,30,29,30,31,32,32
ILD_STALL.LCP,r0187:u,33,31,32,33,33,32,27,32,30,32,31,31,33,33,29,32,31,33,28,31,29,29,28,33,32,29,30,28,31,37,33,33
ILD_STALL.IQ_FULL,r0487:u,39682,41148,38694,37974,37316,35642,38223,37100,36972,37325,38043,37429,37912,36232,37612,36254,37676,37484,34268,34849,33438,39212,38039,35987,37586,38291,38159,38003,37626,38556,36635,39748
BR_INST_EXEC.COND.NOTAKEN,r4188:u,6284526,6288502,6292703,6295645,6095109,6006074,5970252,6033194,5953886,6003418,5929861,5996962,5914818,5926556,5962900,5929119,5948700,5913798,5910587,5906724,5945749,5952620,5923682,5941928,5917968,5957344,5920598,5941988,5976434,5894276,5932780,5945194
BR_INST_EXEC.COND.TAKEN,r8188:u,8445135,8444884,8444972,8444701,8444647,8444858,8444577,8444548,8444583,8444517,8444444,8444495,8444469,8444497,8444487,8444556,8444633,8444382,8444411,8444356,8444610,8444471,8444572,8444474,8444360,8444447,8444488,8444459,8444556,8444443,8444491,8444404
BR_INST_EXEC.DIRECT_JMP.TAKEN,r8288:u,2151,2365,2352,2266,2199,2255,2231,2198,2200,2266,2204,2105,2186,2266,2270,2141,2141,2213,2198,2359,2303,2177,2250,2291,2175,2221,2117,2312,2122,2207,2273,2300
BR_INST_EXEC.INDIRECT_JMP_NON_CALL_RET.TAKEN,r8488:u,1049588,1049597,1049593,1049583,1049598,1049598,1049612,1049584,1049598,1049587,1049585,1049584,1049587,1049601,1049612,1049599,1049605,1049581,1049592,1049589,1049602,1049588,1049598,1049585,1049583,1049596,1049607,1049582,1049590,1049601,1049598,1049586
BR_INST_EXEC.RETURN_NEAR.TAKEN,r8888:u,3148559,3148540,3148539,3148560,3148563,3148562,3148530,3148558,3148564,3148548,3148500,3148539,3148592,3148592,3148548,3148541,3148555,3148498,3148515,3148538,3148570,3148547,3148516,3148592,3148555,3148540,3148583,3148556,3148556,3148564,3148582,3148566
BR_INST_EXEC.DIRECT_NEAR_CALL.TAKEN,r9088:u,3149480,3149435,3149444,3149489,3149518,3149472,3149429,3149484,3149492,3149493,3149371,3149463,3149539,3149563,3149478,3149450,3149470,3149359,3149400,3149451,3149492,3149472,3149411,3149560,3149462,3149446,3149529,3149469,3149472,3149477,3149516,3149476
BR_INST_EXEC.INDIRECT_NEAR_CALL.TAKEN,ra088:u,42,41,42,42,41,43,42,42,42,42,42,42,42,41,42,43,41,41,41,42,43,42,41,41,42,42,41,41,41,42,43,42
BR_INST_EXEC.ALL_BRANCHES,rff88:u,22078640,22081356,22090203,22076805,21915192,21786825,21806999,21783006,21801119,21758473,21833702,21827526,21742012,21750651,21732091,21776396,21717043,21717902,21644123,21692347,21734255,21754300,21780205,21791606,21700989,21749778,21717578,21756339,21768314,21738917,21763754,21714035
BR_MISP_EXEC.COND.NOTAKEN,r4189:u,1694,1704,1721,1702,1631,1703,1718,1660,1710,1678,1608,1684,1685,1698,1641,1712,1710,1661,1620,1692,1696,1687,1631,1726,1702,1714,1675,1722,1691,1712,1667,1658
BR_MISP_EXEC.COND.TAKEN,r8189:u,35498,35462,35560,35474,35238,35572,35552,35318,35521,35396,35103,35397,35398,35582,35222,35590,35542,35289,35097,35547,35390,35373,35274,35576,35572,35589,35480,35562,35500,35518,35412,35314
BR_MISP_EXEC.INDIRECT_JMP_NON_CALL_RET.TAKEN,r8489:u,190,186,114,120,135,152,169,194,145,78,33,106,128,195,67,158,243,70,51,128,107,253,98,259,158,246,224,115,136,112,172,96
BR_MISP_EXEC.RETURN_NEAR.TAKEN,r8889:u,16,14,13,14,12,13,14,13,16,13,12,14,12,14,13,15,15,14,12,15,14,14,12,14,15,14,14,14,15,13,13,13
BR_MISP_EXEC.DIRECT_NEAR_CALL.TAKEN,r9089:u,0,0,0,0,0,0,0,0,0,0,0,0,0,0,0,0,0,0,0,0,0,0,0,0,0,0,0,0,0,0,0,0
BR_MISP_EXEC.INDIRECT_NEAR_CALL.TAKEN,ra089:u,26,28,26,27,26,26,28,27,28,23,27,25,24,27,20,21,25,27,22,28,29,28,26,27,27,29,27,28,27,26,19,23
BR_MISP_EXEC.ALL_BRANCHES,rff89:u,37367,37478,37432,37452,37385,37251,37422,37381,37365,37184,37374,37212,37235,37443,37051,37085,37318,37439,37162,37490,37486,37420,37395,37353,37427,37503,37471,37383,37401,37320,37092,37273
IDQ_UOPS_NOT_DELIVERED.CORE,r019c:u,35059539,35047520,35052648,34876364,35081235,35107351,35098746,35101770,35110161,35109743,35102632,35097372,35143696,35093857,35101414,35118200,35106272,35100556,35048380,35116799,35057219,35103384,35101213,35114125,35098828,35110282,35083811,35096664,35103102,35101419,35074173,35081509
UOPS_EXECUTED_PORT.PORT_0,r01a1:u,30735228,31990650,31478510,27684944,20172519,19614875,19652598,19652658,19642558,19623334,19654174,19590431,19588136,19667707,19640320,19620363,19599879,19497358,19487742,19521300,19523897,19462293,19526409,19500159,19598191,19462122,19517549,19534884,19490077,19525311,19484323,19512909
UOPS_EXECUTED_PORT.PORT_1,r02a1:u,17571185,18151229,19272750,18805223,18203112,18107057,18129521,18119301,18116254,18095512,18131226,18110362,18123571,18133468,18122466,18130916,18143306,18104954,18116272,18133495,18133855,18130495,18128311,18134096,18141470,18133562,18141380,18139948,18144342,18150256,18113994,18134232
UOPS_EXECUTED_PORT.PORT_2,r04a1:u,19372887,19291008,19252770,19244654,19206056,19380123,19314323,19351668,19387144,19361120,19251218,19207286,19288871,19455328,19319087,19496355,19262960,19364500,19250078,19115563,19104577,19241763,19267390,19359053,19338790,19372010,19300749,19379212,19260815,19362196,19208276,19257670
UOPS_EXECUTED_PORT.PORT_3,r08a1:u,22043999,22125338,22165136,22173162,22209508,22035234,22104772,22063283,22028037,22053429,22166269,22209799,22126237,21960950,22096018,21919233,22149912,22050576,22164670,22298153,22310807,22171566,22147643,22056867,22075709,22044277,22114598,22035096,22154490,22054581,22204894,22158030
UOPS_EXECUTED_PORT.PORT_4,r10a1:u,17958356,17959097,17960087,17961324,17961651,17960164,17961428,17961032,17961048,17961676,17961276,17960057,17961858,17960920,17961100,17961082,17961462,17961394,17961570,17959900,17961308,17961634,17961550,17960296,17960792,17961077,17961351,17960373,17961614,17961259,17960876,17961424
UOPS_EXECUTED_PORT.PORT_5,r20a1:u,21703109,21700121,21617543,21924720,21848052,21477943,21479425,21510978,21547623,21497207,21454785,21449601,21469720,21500434,21460585,21550947,21624029,21609424,21646384,21672908,21555359,21673546,21595494,21509818,21578872,21582624,21626781,21643150,21510810,21531225,21645563,21708813
UOPS_EXECUTED_PORT.PORT_6,r40a1:u,28140231,28147193,28231454,27925617,26952697,26604653,26585762,26613522,26582494,26595304,26608245,26611452,26576591,26603839,26582593,26608483,26572477,26562202,26530044,26518171,26550017,26537786,26542436,26590530,26627703,26614763,26567766,26544255,26578128,26585763,26568049,26540678
UOPS_EXECUTED_PORT.PORT_7,r80a1:u,8536029,8535900,8535968,8536010,8536168,8535403,8535390,8536257,8535875,8536117,8536038,8534910,8536148,8536235,8535462,8535846,8535882,8535808,8536101,8535303,8535944,8536246,8535599,8535758,8535121,8535780,8535834,8535522,8535815,8535605,8535868,8536093
RESOURCE_STALLS.ANY,r01a2:u,8389074,8505402,9191751,5502166,995052,379645,353613,369538,369814,326198,342510,327134,311706,287322,292279,280385,263647,320988,288097,246634,257525,249066,268503,269885,260426,257381,263319,251612,251021,245568,259184,257710
RESOURCE_STALLS.RS,r04a2:u,8351540,8456338,9050554,5300626,949221,349718,322858,337802,325817,289247,309781,300978,279598,259711,258218,252559,232838,220426,262158,220275,221022,224221,228166,242394,232076,218822,221896,224453,221424,213483,228264,226347
RESOURCE_STALLS.SB,r08a2:u,6022,10324,6903,4782,19483,5786,4500,6242,17075,6528,7868,3031,6203,3600,8398,2983,6647,68359,3242,2764,11598,2552,16813,4188,4273,15944,17725,3864,6098,7242,6722,6306
RESOURCE_STALLS.ROB,r10a2:u,16689,22985,104482,149749,13118,10319,11637,12362,13386,15908,11794,10037,11935,9815,12386,10690,11042,18240,9463,9602,11478,8746,10550,10434,10316,9882,9663,9910,10114,11394,10507,11304
CYCLE_ACTIVITY.CYCLES_L2_PENDING,r020001a3:u,0,0,0,0,0,0,0,0,0,0,0,0,0,0,0,0,0,0,0,0,0,0,0,0,0,0,0,0,0,0,0,0
CYCLE_ACTIVITY.CYCLES_LDM_PENDING,r020002a3:u,47862608,47995245,48697169,44966847,40487414,39882058,39869883,39856779,39873602,39832109,39823406,39808478,39823964,39812031,39799181,39762991,39769889,39766038,39735216,39743018,39754345,39751737,39766923,39783151,39748320,39742886,39770392,39751845,39760924,39760664,39757168,39763867
CYCLE_ACTIVITY.STALLS_L2_PENDING,r05a3:u,8354156,8419364,9233840,5317161,3942619,3899246,3807936,3757205,3801747,3840052,3846181,3752105,3747584,3924061,3831585,3814445,3741870,3832128,3759308,3817642,3702198,3743725,3847029,3781895,3681616,3693477,3795550,3740478,3926088,3778580,3923095,3855894
CYCLE_ACTIVITY.CYCLES_L1D_PENDING,r080008a3:u,0,0,0,0,0,0,0,0,0,0,0,0,0,0,0,0,0,0,0,0,0,0,0,0,0,0,0,0,0,0,0,0
CYCLE_ACTIVITY.STALLS_L1D_PENDING,r0c000ca3:u,0,0,0,0,0,0,0,0,0,0,0,0,0,0,0,0,0,0,0,0,0,0,0,0,0,0,0,0,0,0,0,0
LSD.UOPS,r01a8:u,42823930,42762493,42832675,42810133,42839573,42829075,42831457,42836946,42837482,42835619,42826874,42834113,42831127,42842504,42832005,42836859,42834753,42832234,42831171,42828877,42829808,42835760,42830810,42829821,42838498,42833057,42831120,42834356,42841448,42832175,42841767,42830484
ITLB.ITLB_FLUSH,r01ae:u,50,50,50,50,50,50,50,50,50,50,50,50,50,50,50,50,50,50,50,50,50,50,50,50,50,50,50,50,50,50,50,50
OFFCORE_REQUESTS.DEMAND_DATA_RD,r01b0:u,3999,3975,5489,3997,3958,3894,4176,3730,3828,3780,3970,3559,3893,3692,3729,3707,3843,3586,3778,3869,4010,3681,4141,4132,3744,3691,3738,3732,3702,3894,3816,3795
OFFCORE_REQUESTS.DEMAND_CODE_RD,r02b0:u,1555,1563,1566,1568,1497,1535,1537,1540,1539,1569,1523,1547,1512,1530,1506,1550,1556,1555,1550,1531,1465,1564,1571,1547,1512,1531,1535,1561,1476,1570,1572,1553
OFFCORE_REQUESTS.DEMAND_RFO,r04b0:u,3102,3269,3640,3648,3308,3350,4119,3498,3212,3190,3302,3769,3280,3368,3300,3242,3447,3297,3428,3106,3340,3336,3494,3695,4049,3536,3673,3873,3201,4013,4159,3294
OFFCORE_REQUESTS.ALL_DATA_RD,r08b0:u,68671,68689,68793,68861,68650,68691,68924,68790,68692,68700,68713,68810,68704,68721,68664,68689,68711,68702,68710,68695,68649,68662,68722,68751,68781,68679,68779,68767,68668,68765,68785,68675
UOPS_EXECUTED.CORE,r02b1:u,145105433,145105469,145105094,145118614,145105813,145106659,145150820,145089917,145142521,145143178,145101761,145115697,145126118,145138416,145096104,145111719,145157171,145140296,145144986,145111508,145114546,145118814,145110744,145107640,145098327,145128376,145097845,145117976,145147962,145112816,145153135,145102240
PAGE_WALKER_LOADS.DTLB_L1,r11bc:u,4355,4426,4395,4340,4171,4042,4066,4037,4044,4046,4031,4033,4043,4025,4039,4040,4100,4034,4021,4030,4059,4042,4043,4019,4036,4046,4058,4044,4033,4025,4045,4036
PAGE_WALKER_LOADS.ITLB_L1,r21bc:u,308,304,306,307,306,304,306,303,310,306,304,303,307,307,301,305,312,304,313,306,311,301,309,305,305,305,304,307,302,306,308,306
PAGE_WALKER_LOADS.DTLB_L2,r12bc:u,96,96,100,95,102,107,104,102,102,104,104,102,104,105,105,100,110,100,99,96,107,98,105,98,103,106,108,102,109,104,107,99
PAGE_WALKER_LOADS.ITLB_L2,r22bc:u,19,21,21,19,21,20,18,18,21,20,20,18,20,21,20,19,21,19,19,20,20,20,20,19,18,18,21,19,20,19,20,19
PAGE_WALKER_LOADS.DTLB_L3,r14bc:u,55,58,55,57,66,67,69,61,52,62,66,59,65,46,57,47,63,62,50,73,63,65,57,58,60,53,57,56,61,52,60,57
PAGE_WALKER_LOADS.ITLB_L3,r24bc:u,17,17,16,18,20,18,16,18,17,20,19,17,17,19,20,18,19,17,18,17,18,19,18,18,19,17,17,18,16,18,17,17
PAGE_WALKER_LOADS.DTLB_MEMORY,r18bc:u,9,7,6,5,7,8,9,6,7,6,7,8,8,10,5,10,6,6,6,5,7,6,5,10,8,6,10,6,8,7,8,5
PAGE_WALKER_LOADS.ITLB_MEMORY,r28bc:u,5,4,5,3,3,5,6,3,5,3,4,5,4,4,3,5,4,4,4,5,6,4,3,4,4,4,5,4,5,5,5,3
TLB_FLUSH.DTLB_THREAD,r01bd:u,0,0,0,0,0,0,0,0,0,0,0,0,0,0,0,0,0,0,0,0,0,0,0,0,0,0,0,0,0,0,0,0
TLB_FLUSH.STLB_ANY,r20bd:u,643,643,643,643,643,643,643,643,643,643,643,643,643,643,643,643,643,643,643,643,643,643,643,643,643,643,643,643,643,643,643,643
INST_RETIRED.ANY_P,instructions:u,106033020,106033018,106033018,106033018,106033018,106033018,106033018,106033019,106033018,106033018,106033040,106033040,106033039,106033040,106033039,106033041,106033040,106033040,106033040,106033040,106033039,106033040,106033040,106033040,106033039,106033040,106033040,106033039,106033040,106033039,106033040,106033039
INST_RETIRED.ALL,r01c0:u,106033020,106033018,106033018,106033018,106033018,106033018,106033018,106033019,106033018,106033018,106033040,106033040,106033039,106033040,106033039,106033041,106033040,106033040,106033040,106033040,106033039,106033040,106033040,106033040,106033039,106033040,106033040,106033039,106033040,106033039,106033040,106033039
OTHER_ASSISTS.AVX_TO_SSE,r08c1:u,0,0,0,0,0,0,0,0,0,0,0,0,0,0,0,0,0,0,0,0,0,0,0,0,0,0,0,0,0,0,0,0
OTHER_ASSISTS.SSE_TO_AVX,r10c1:u,0,0,0,0,0,0,0,0,0,0,0,0,0,0,0,0,0,0,0,0,0,0,0,0,0,0,0,0,0,0,0,0
OTHER_ASSISTS.ANY_WB_ASSIST,r40c1:u,643,643,643,643,643,643,643,643,643,643,643,643,643,643,643,643,643,643,643,643,643,643,643,643,643,643,643,643,643,643,643,643
UOPS_RETIRED.ALL,r01c2:u,151252659,151251271,151255064,151252814,151255732,151251876,151253031,151252718,151254496,151252603,151252715,151251941,151254547,151250230,151254823,151253205,151253391,151251465,151250886,151252373,151250507,151253074,151252209,151253717,151252785,151252664,151252886,151253769,151254369,151253416,151251652,151253736
UOPS_RETIRED.RETIRE_SLOTS,r02c2:u,121863413,121864742,121864802,121864635,121862939,121862655,121863638,121865129,121864263,121863554,121865349,121864126,121862363,121861213,121864998,121863586,121863831,121862748,121863406,121862784,121861700,121861542,121862991,121863726,121863716,121864095,121863165,121863328,121863777,121861357,121861731,121864531
MACHINE_CLEARS.MEMORY_ORDERING,r02c3:u,57,18,37,33,17,29,35,50,16,17,28,24,22,17,23,23,18,17,24,20,21,16,18,23,19,19,28,18,25,18,19,18
MACHINE_CLEARS.SMC,r04c3:u,10,21,11,11,22,23,15,25,36,24,23,18,15,12,24,18,11,13,7,2,3,9,19,18,10,28,19,14,19,14,9,36
MACHINE_CLEARS.MASKMOV,r20c3:u,0,0,0,0,0,0,0,0,0,0,0,0,0,0,0,0,0,0,0,0,0,0,0,0,0,0,0,0,0,0,0,0
BR_INST_RETIRED.ALL_BRANCHES,branch-instructions:u,23103662,23103665,23103664,23103663,23103663,23103662,23103663,23103663,23103663,23103663,23103669,23103669,23103668,23103669,23103668,23103668,23103669,23103669,23103669,23103669,23103669,23103668,23103669,23103668,23103669,23103668,23103668,23103669,23103669,23103668,23103669,23103669
BR_INST_RETIRED.CONDITIONAL,r01c4:u,15759455,15759455,15759455,15759455,15759455,15759455,15759455,15759455,15759455,15759455,15759461,15759461,15759461,15759461,15759461,15759461,15759461,15759461,15759461,15759461,15759461,15759461,15759461,15759461,15759461,15759461,15759461,15759461,15759461,15759461,15759461,15759461
BR_INST_RETIRED.NEAR_CALL,r02c4:u,3146760,3146760,3146760,3146760,3146760,3146760,3146760,3146760,3146760,3146760,3146760,3146760,3146760,3146760,3146760,3146760,3146760,3146760,3146760,3146760,3146760,3146760,3146760,3146760,3146760,3146760,3146760,3146760,3146760,3146760,3146760,3146760
BR_INST_RETIRED.ALL_BRANCHES,r04c4:u,23103662,23103665,23103664,23103663,23103663,23103662,23103663,23103663,23103663,23103663,23103669,23103669,23103668,23103669,23103668,23103668,23103669,23103669,23103669,23103669,23103669,23103668,23103669,23103668,23103669,23103668,23103668,23103669,23103669,23103668,23103669,23103669
BR_INST_RETIRED.NEAR_RETURN,r08c4:u,3146756,3146756,3146756,3146756,3146756,3146756,3146756,3146756,3146756,3146756,3146756,3146756,3146756,3146756,3146756,3146756,3146756,3146756,3146756,3146756,3146756,3146756,3146756,3146756,3146756,3146756,3146756,3146756,3146756,3146756,3146756,3146756
BR_INST_RETIRED.NOT_TAKEN,r10c4:u,7322901,7322903,7322903,7322903,7322903,7322903,7322903,7322903,7322903,7322903,7322908,7322908,7322908,7322908,7322908,7322908,7322908,7322908,7322908,7322908,7322908,7322908,7322908,7322908,7322908,7322908,7322908,7322908,7322908,7322908,7322908,7322908
BR_INST_RETIRED.NEAR_TAKEN,r20c4:u,15780090,15780088,15780088,15780088,15780088,15780088,15780088,15780088,15780088,15780088,15780089,15780089,15780089,15780089,15780089,15780089,15780089,15780089,15780089,15780089,15780089,15780089,15780089,15780089,15780089,15780089,15780089,15780089,15780089,15780089,15780089,15780089
BR_INST_RETIRED.FAR_BRANCH,r40c4:u,673,673,672,673,672,673,672,672,672,672,672,672,672,672,671,672,671,671,671,672,672,672,672,671,671,672,672,672,672,672,672,672
BR_MISP_RETIRED.ALL_BRANCHES,branch-misses:u,36870,36943,37026,37000,37068,36734,37040,36706,36758,36641,36967,36920,36978,36453,36592,36938,36824,37022,36691,37059,36811,36635,36396,36798,36917,36770,36554,36780,36992,36913,36941,36835
BR_MISP_RETIRED.CONDITIONAL,r01c5:u,36719,36766,36792,36759,36834,36624,36784,36584,36659,36517,36781,36796,36825,36391,36526,36754,36639,36746,36546,36782,36654,36533,36336,36635,36780,36679,36489,36652,36793,36759,36763,36703
BR_MISP_RETIRED.ALL_BRANCHES,r04c5:u,36870,36943,37026,37000,37068,36734,37040,36706,36758,36641,36967,36920,36978,36453,36592,36938,36824,37022,36691,37059,36811,36635,36396,36798,36917,36770,36554,36780,36992,36913,36941,36835
BR_MISP_RETIRED.NEAR_TAKEN,r20c5:u,35325,35386,35458,35453,35503,35216,35493,35198,35225,35137,35419,35362,35405,34984,35082,35395,35307,35464,35213,35512,35290,35130,34939,35257,35378,35231,35077,35247,35444,35343,35393,35303
FP_ASSIST.X87_OUTPUT,r02ca:u,0,0,0,0,0,0,0,0,0,0,0,0,0,0,0,0,0,0,0,0,0,0,0,0,0,0,0,0,0,0,0,0
FP_ASSIST.X87_INPUT,r04ca:u,0,0,0,0,0,0,0,0,0,0,0,0,0,0,0,0,0,0,0,0,0,0,0,0,0,0,0,0,0,0,0,0
FP_ASSIST.SIMD_OUTPUT,r08ca:u,0,0,0,0,0,0,0,0,0,0,0,0,0,0,0,0,0,0,0,0,0,0,0,0,0,0,0,0,0,0,0,0
FP_ASSIST.SIMD_INPUT,r10ca:u,0,0,0,0,0,0,0,0,0,0,0,0,0,0,0,0,0,0,0,0,0,0,0,0,0,0,0,0,0,0,0,0
FP_ASSIST.ANY,r1eca:u,0,0,0,0,0,0,0,0,0,0,0,0,0,0,0,0,0,0,0,0,0,0,0,0,0,0,0,0,0,0,0,0
ROB_MISC_EVENTS.LBR_INSERTS,r20cc:u,0,0,0,0,0,0,0,0,0,0,0,0,0,0,0,0,0,0,0,0,0,0,0,0,0,0,0,0,0,0,0,0
MEM_UOPS_RETIRED.STLB_MISS.LOADS,r11d0:u,136,139,184,136,137,135,137,136,137,136,140,135,136,137,136,136,136,135,135,136,136,135,136,136,136,136,137,135,135,136,135,136
MEM_UOPS_RETIRED.STLB_MISS.STORES,r12d0:u,535,536,536,536,536,536,536,536,536,536,536,536,536,536,535,536,536,536,536,536,536,535,536,536,536,536,536,536,536,536,536,536
MEM_UOPS_RETIRED.LOCK.LOADS,r21d0:u,8,8,8,8,8,8,8,8,8,8,8,8,8,8,8,8,8,8,8,8,8,8,8,8,8,8,8,8,8,8,8,8
MEM_UOPS_RETIRED.LOCK.STORES,r22d0:u,8,8,8,8,8,8,8,8,8,8,8,8,8,8,8,8,8,8,8,8,8,8,8,8,8,8,8,8,8,8,8,8
MEM_UOPS_RETIRED.SPLIT.LOADS,r41d0:u,2,2,2,2,2,2,2,2,2,2,2,2,2,2,2,2,2,2,2,2,2,2,2,2,2,2,2,2,2,2,2,2
MEM_UOPS_RETIRED.SPLIT.STORES,r42d0:u,1,1,1,1,1,1,1,1,1,1,1,1,1,1,1,1,1,1,1,1,1,1,1,1,1,1,1,1,1,1,1,1
MEM_UOPS_RETIRED.ALL.LOADS,r81d0:u,31499021,31499036,31499012,31498972,31499051,31499013,31498953,31499010,31499031,31499037,31498946,31499035,31498983,31499023,31498999,31499015,31498982,31499009,31498988,31498982,31499033,31498997,31499027,31498944,31499060,31498967,31499008,31498942,31499032,31499000,31499002,31498962
MEM_UOPS_RETIRED.ALL.STORES,r82d0:u,17837798,17837798,17837798,17837798,17837798,17837798,17837798,17837798,17837798,17837798,17837798,17837798,17837798,17837798,17837798,17837798,17837798,17837798,17837798,17837798,17837798,17837798,17837798,17837798,17837798,17837798,17837798,17837798,17837798,17837798,17837798,17837798
MEM_LOAD_UOPS_RETIRED.L1_HIT,r01d1:u,31488562,31489670,31483074,31490532,31490820,31489916,31489529,31490186,31489931,31490586,31490745,31490167,31490670,31490477,31490491,31490061,31490288,31490367,31490426,31490479,31490052,31490420,31490438,31490596,31490451,31490327,31490221,31490126,31490446,31490362,31490438,31490361
MEM_LOAD_UOPS_RETIRED.L2_HIT,r02d1:u,2176,1964,509,528,553,1119,1173,1249,1211,1231,1266,1246,1232,1302,1223,1263,1271,1242,1391,1317,1559,1678,1366,1328,1287,1510,1603,1567,1316,1435,1301,1391
MEM_LOAD_UOPS_RETIRED.L3_HIT,r04d1:u,742,698,627,747,598,696,610,644,615,669,630,585,688,641,574,740,636,649,747,649,750,686,682,638,634,664,650,579,623,658,667,743
MEM_LOAD_UOPS_RETIRED.L1_MISS,r08d1:u,3666,3443,1910,1921,1948,2662,2518,2668,2636,2592,2616,2663,2654,2652,2517,2663,2588,2642,2622,2724,2962,3042,2705,2737,2653,2936,2910,2824,2668,2831,2738,2733
MEM_LOAD_UOPS_RETIRED.L2_MISS,r10d1:u,1491,1481,1413,1415,1375,1394,1333,1424,1419,1346,1383,1400,1403,1342,1340,1418,1316,1425,1346,1379,1468,1484,1370,1396,1397,1430,1346,1363,1311,1432,1338,1351
MEM_LOAD_UOPS_RETIRED.L3_MISS,r20d1:u,684,730,722,598,686,632,677,715,743,629,696,758,647,650,718,604,639,699,552,671,638,706,635,699,702,689,647,732,654,704,631,569
MEM_LOAD_UOPS_RETIRED.HIT_LFB,r40d1:u,5617,5362,14314,5461,5587,5514,6551,5770,5028,4794,5912,5587,5455,5162,5072,5416,5632,5157,4846,5203,5002,4676,5030,5321,5038,5088,5015,5139,4998,5211,5189,5385
MEM_LOAD_UOPS_L3_HIT_RETIRED.XSNP_MISS,r01d2:u,2,0,2,0,1,0,2,1,2,0,4,0,0,1,0,1,1,0,0,0,0,0,0,2,0,0,0,0,0,1,0,1
MEM_LOAD_UOPS_L3_HIT_RETIRED.XSNP_HIT,r02d2:u,1,0,2,3,1,0,0,0,0,0,1,0,1,1,0,0,1,0,1,1,1,0,1,0,1,0,0,0,0,2,0,1
MEM_LOAD_UOPS_L3_HIT_RETIRED.XSNP_HITM,r04d2:u,0,0,0,0,0,0,0,0,0,0,0,0,0,0,0,1,0,0,1,0,0,2,0,0,2,0,0,0,2,0,0,0
MEM_LOAD_UOPS_L3_HIT_RETIRED.XSNP_NONE,r08d2:u,820,740,580,656,686,649,666,606,673,708,652,642,649,627,731,637,708,652,706,735,691,704,604,668,618,640,625,654,663,629,648,596
MEM_LOAD_UOPS_L3_MISS_RETIRED.LOCAL_DRAM,r01d3:u,673,697,734,665,646,637,675,712,672,584,660,673,660,659,615,657,610,662,623,581,684,556,735,659,683,677,650,661,682,682,654,728
BACLEARS.ANY,r1fe6:u,1166,1146,1130,1134,1113,1111,1169,1136,1126,1113,1141,1120,1111,1136,1131,1147,1146,1119,1131,1107,1144,1108,1125,1102,1133,1124,1139,1118,1117,1108,1110,1118
L2_TRANS.DEMAND_DATA_RD,r01f0:u,4454,4173,4948,3420,3207,3172,3424,3442,3358,3359,3455,3403,3410,3416,3330,3357,3435,3392,3457,3408,3594,3334,3473,3506,3331,3666,3725,3539,3462,3520,3461,3545
L2_TRANS.RFO,r02f0:u,98677,98661,98747,98731,98613,98623,98756,98672,98664,98624,98656,98667,98627,98647,98671,98700,98626,98633,98673,98653,98800,98734,98812,98767,98644,98667,98742,98710,98748,98651,98772,98790
L2_TRANS.CODE_RD,r04f0:u,2283,2298,2319,2179,2290,2301,2334,2328,2295,2264,2279,2306,2196,2298,2272,2198,2247,2252,2231,2274,2280,2351,2238,2339,2299,2320,2325,2279,2284,2244,2246,2289
L2_TRANS.ALL_PF,r08f0:u,164506,164682,165622,164880,164541,164422,165405,164938,164803,164642,164902,164913,164588,164627,164975,164737,164721,164948,164707,164780,164958,164948,164918,164891,165030,164909,165050,165095,165296,164771,164806,164810
L2_TRANS.L1D_WB,r10f0:u,101964,101901,101220,102089,101442,101361,101513,101346,101850,101465,101441,101437,101390,101739,101718,101995,101861,101774,101576,101503,101581,101857,101790,101906,101625,101668,101640,101830,101617,101558,101688,101696
L2_TRANS.L2_FILL,r20f0:u,168654,169077,169178,168940,168971,168746,169324,168753,168594,168584,168806,168716,168705,168710,168970,168827,168613,168685,168897,169045,168813,168904,168823,168725,168562,168795,168970,168742,168900,168618,168878,168804
L2_TRANS.L2_WB,r40f0:u,97854,96682,96437,97204,98960,97694,97948,98809,98357,97762,98360,98556,99003,97925,96895,98133,98816,98286,93716,96844,97833,98269,97879,97656,99302,99250,97987,98335,98683,99652,97252,98476
L2_TRANS.ALL_REQUESTS,r80f0:u,730908,744291,754012,741042,734207,732820,756987,738779,722772,733486,740121,732205,726698,730122,738694,747268,723483,738994,730258,749952,734475,741421,740436,735357,724053,735110,747402,741700,742476,720808,740093,736590
L2_LINES_IN.I,r01f1:u,12,15,14,17,15,16,16,18,7,14,11,17,12,16,11,18,9,16,11,14,9,13,8,13,12,13,16,13,13,12,16,12
L2_LINES_IN.S,r02f1:u,1460,1588,1617,1609,1566,1584,1653,1577,1563,1588,1581,1565,1591,1589,1572,1513,1557,1527,1595,1781,1529,1622,1577,1561,1498,1463,1594,1590,1528,1534,1576,1516
L2_LINES_IN.E,r04f1:u,167097,167394,167577,167488,167569,167101,167614,167306,167177,167162,167741,167143,167425,167153,167861,167200,167145,167038,167352,167059,167078,167495,167302,167178,167168,167080,167068,167364,167440,167092,167181,167322
L2_LINES_IN.ALL,r07f1:u,168572,169000,169205,169113,169145,168702,169281,168895,168758,168766,169338,168715,169028,168757,169448,168725,168716,168580,168958,168859,168618,169131,168890,168755,168676,168559,168674,168967,168980,168638,168768,168855
L2_LINES_OUT.DEMAND_CLEAN,r05f2:u,5104,5691,6646,5776,5709,5092,6355,5479,5243,5210,6023,4975,5805,5135,6699,5010,4972,4916,5500,5537,4923,5909,5381,5159,5207,4688,4911,5982,5609,4817,5144,5733
L2_LINES_OUT.DEMAND_DIRTY,r06f2:u,3328,3335,3638,3425,3476,3492,3493,3344,3567,3458,3524,3438,3493,3415,3566,3422,3424,3362,3534,3560,3606,3362,3526,3608,3430,3549,3708,3623,3499,3432,3425,3427
