Performance counter,Mnemonic,Correlation,0,1,2,3,4,5,6,7,8,9,10,11,12,13,14,15,16,17,18,19,20,21,22,23,24,25,26,27,28,29,30,31,32,33,34,35,36,37,38,39,40,41,42,43,44,45,46,47,48,49,50,51,52,53,54,55,56,57,58,59,60,61,62,63,64,65,66,67,68,69,70,71,72,73,74,75,76,77,78,79,80,81,82,83,84,85,86,87,88,89,90,91,92,93,94,95,96,97,98,99
LD_BLOCKS.STORE_FORWARD,r0203:u,nan,0,0,0,0,0,0,0,0,0,0,0,0,0,0,0,0,0,0,0,0,0,0,0,0,0,0,0,0,0,0,0,0,0,0,0,0,0,0,0,0,0,0,0,0,0,0,0,0,0,0,0,0,0,0,0,0,0,0,0,0,0,0,0,0,0,0,0,0,0,0,0,0,0,0,0,0,0,0,0,0,0,0,0,0,0,0,0,0,0,0,0,0,0,0,0,0,0,0,0,0
LD_BLOCKS.NO_SR,r0803:u,nan,0,0,0,0,0,0,0,0,0,0,0,0,0,0,0,0,0,0,0,0,0,0,0,0,0,0,0,0,0,0,0,0,0,0,0,0,0,0,0,0,0,0,0,0,0,0,0,0,0,0,0,0,0,0,0,0,0,0,0,0,0,0,0,0,0,0,0,0,0,0,0,0,0,0,0,0,0,0,0,0,0,0,0,0,0,0,0,0,0,0,0,0,0,0,0,0,0,0,0,0
MISALIGN_MEM_REF.LOADS,r0105:u,-0.173612231142,3,2,1,2,2,3,2,1,2,2,1,1,2,2,2,1,1,3,3,3,2,2,4,3,2,3,3,3,4,3,3,2,3,3,1,1,2,3,1,2,2,2,1,2,3,1,3,3,3,2,3,2,2,2,1,2,3,2,1,3,1,2,1,2,3,3,1,1,2,2,2,2,3,1,1,2,4,2,2,4,2,4,4,3,3,2,3,3,2,3,4,4,3,3,3,2,3,4,4,3
MISALIGN_MEM_REF.STORES,r0205:u,-0.0962693647639,1,1,1,1,1,1,1,0,1,1,0,0,1,1,1,1,0,1,1,0,0,0,1,1,0,1,1,1,1,1,1,0,0,1,0,0,1,1,0,1,0,1,0,1,1,0,1,1,1,1,1,1,1,1,0,0,1,1,0,1,0,1,0,0,1,1,0,0,1,1,1,1,1,0,1,1,1,1,1,1,1,1,1,1,1,0,1,1,0,1,1,1,1,1,1,0,1,1,1,1
LD_BLOCKS_PARTIAL.ADDRESS_ALIAS,r0107:u,0.998961259046,138,119,121,114,120,119,120,119,118,118,118,117,116,122,114,115,116,128,125,126,127,128,134,132,132,134,125,132,129,127,131,135,130,123,144,126,119,122,126,131,122,128,130,125,127,126,118,125,120,321349,327902,327902,327898,327901,324628,321345,327905,327899,327911,327890,327894,327904,327900,327901,327895,142,141,135,143,134,147,137,144,146,138,141,138,142,145,140,140,148,158,150,158,155,152,145,139,156,155,148,152,147,151,153,149,337,327,322
DTLB_LOAD_MISSES.MISS_CAUSES_A_WALK,r0108:u,-0.0778633129325,313,311,316,327,310,314,317,309,312,306,317,326,319,315,317,320,321,315,324,323,319,316,312,313,316,307,318,314,318,320,315,309,318,317,306,310,319,316,315,306,317,311,315,319,311,318,318,317,319,309,315,312,312,316,315,317,311,313,304,328,320,314,311,313,321,315,318,325,312,322,310,319,312,309,316,315,318,319,314,318,315,314,309,317,307,311,313,316,323,314,315,316,311,319,315,312,319,314,310,320
DTLB_LOAD_MISSES.WALK_COMPLETED_4K,r0208:u,0.141179340132,264,265,266,266,264,263,265,264,264,263,265,266,267,266,264,265,265,266,266,267,265,265,266,265,266,266,265,266,266,267,266,266,265,266,265,265,267,267,267,265,268,265,267,267,265,266,266,266,267,267,267,266,267,266,266,266,264,264,264,265,268,269,266,267,266,265,265,268,265,266,266,266,264,264,265,266,265,268,265,267,266,265,266,267,264,265,266,263,266,266,268,265,265,267,265,265,267,267,266,266
DTLB_LOAD_MISSES.WALK_COMPLETED_2M_4M,r0408:u,nan,0,0,0,0,0,0,0,0,0,0,0,0,0,0,0,0,0,0,0,0,0,0,0,0,0,0,0,0,0,0,0,0,0,0,0,0,0,0,0,0,0,0,0,0,0,0,0,0,0,0,0,0,0,0,0,0,0,0,0,0,0,0,0,0,0,0,0,0,0,0,0,0,0,0,0,0,0,0,0,0,0,0,0,0,0,0,0,0,0,0,0,0,0,0,0,0,0,0,0,0
DTLB_LOAD_MISSES.WALK_COMPLETED,r0e08:u,0.133409939186,266,268,266,264,266,264,266,264,266,266,264,265,265,263,264,266,266,264,267,266,266,265,267,267,267,266,266,264,267,266,265,266,264,267,268,264,267,267,266,266,264,266,267,266,268,267,266,265,265,267,267,265,266,267,265,268,266,265,264,265,267,266,266,267,269,266,265,265,266,265,265,267,264,267,266,266,264,266,265,265,265,265,264,267,265,265,265,266,266,265,268,264,267,266,266,267,268,268,268,268
DTLB_LOAD_MISSES.WALK_DURATION,r1008:u,0.109042405093,6020,6032,6029,5942,6007,5936,6004,5960,6017,6000,5962,6019,6023,5974,5969,5980,6020,5945,6006,5998,5989,5982,6046,6002,6021,6035,5982,6006,5998,5975,5984,5987,5967,6030,6049,6018,6000,6037,6008,6022,5942,5976,6057,6020,6043,6012,6003,5982,6000,5982,6040,6014,6037,6011,6006,6037,6011,5969,5954,5942,6017,6015,5990,6047,6063,5976,6000,5987,6010,5965,5991,6028,5975,6007,5985,6001,5967,5984,5985,5956,6014,5988,5980,6044,5973,5982,5963,6004,6013,6002,6049,5989,6019,6017,5992,5983,6033,6034,6009,6048
DTLB_LOAD_MISSES.STLB_HIT_4K,r2008:u,-0.0454354918044,248,259,295,257,347,256,281,262,252,252,258,255,251,264,275,252,281,253,282,240,339,241,246,300,390,247,255,244,294,283,236,241,249,302,251,351,256,239,301,339,245,250,316,257,271,251,318,248,305,307,276,257,261,256,259,245,268,248,283,236,260,292,274,266,274,299,245,285,240,264,282,281,250,259,247,271,277,244,267,256,240,274,247,254,246,250,247,254,287,294,277,257,277,323,315,252,259,265,282,238
DTLB_LOAD_MISSES.STLB_HIT_2M,r4008:u,nan,0,0,0,0,0,0,0,0,0,0,0,0,0,0,0,0,0,0,0,0,0,0,0,0,0,0,0,0,0,0,0,0,0,0,0,0,0,0,0,0,0,0,0,0,0,0,0,0,0,0,0,0,0,0,0,0,0,0,0,0,0,0,0,0,0,0,0,0,0,0,0,0,0,0,0,0,0,0,0,0,0,0,0,0,0,0,0,0,0,0,0,0,0,0,0,0,0,0,0,0
DTLB_LOAD_MISSES.STLB_HIT,r6008:u,-0.0361386431543,262,262,243,319,285,255,291,256,292,253,251,247,251,254,279,271,263,283,242,241,229,256,242,282,244,258,232,244,232,277,262,246,293,263,263,239,271,282,261,248,282,307,237,274,250,252,300,333,258,273,249,249,293,252,280,276,274,283,292,244,253,260,243,255,253,245,274,262,290,229,265,245,251,291,247,239,256,263,247,261,279,288,248,287,270,270,269,283,313,312,308,284,261,287,303,266,242,249,291,245
DTLB_LOAD_MISSES.PDE_CACHE_MISS,r8008:u,-0.131933551174,136,141,137,143,132,137,142,132,144,135,141,138,136,134,138,138,138,133,134,142,133,138,139,128,137,131,136,134,131,143,137,139,135,136,129,130,138,131,136,135,138,133,133,140,143,135,132,132,141,136,138,132,133,145,136,132,135,134,135,132,129,139,134,132,135,134,134,138,138,126,135,141,129,142,139,134,140,130,131,140,143,136,138,132,144,137,140,135,132,135,132,136,138,140,143,138,141,130,134,135
INT_MISC.RECOVERY_CYCLES,r030d:u,-0.135073131343,9574,9992,9553,10257,9189,9670,10080,9221,10220,9430,10059,9830,9521,9297,9787,9473,9779,9380,9487,10182,9153,9804,9777,8768,9752,8887,9665,9362,9077,10158,9725,9749,9480,9565,8843,8908,9661,9098,9543,9329,9743,9278,9114,9772,10218,9417,9095,9030,10059,9466,9725,9161,9173,10343,9485,9208,9401,9244,9490,9141,8818,9864,9331,9113,9404,9306,9332,9761,9600,8549,9305,9956,8818,10135,9762,9255,9900,8914,9013,9835,10222,9494,9672,9101,10336,9606,9848,9440,9212,9419,9152,9521,9720,9918,10185,9752,10063,8854,9276,9317
UOPS_ISSUED.ANY,r010e:u,-0.147077922823,1202474,1204230,1202030,1205657,1200513,1202767,1204771,1200630,1205372,1201762,1204718,1203519,1201774,1200808,1203586,1201339,1203421,1201248,1201828,1205540,1200144,1203514,1202991,1197975,1203237,1198606,1202768,1201248,1200068,1205132,1203767,1203061,1201846,1202142,1198833,1198985,1202918,1199578,1202356,1201008,1202881,1200757,1199953,1203393,1205557,1201583,1200082,1199111,1204583,1201289,1203229,1200104,1200198,1205945,1201667,1200369,1201407,1200605,1201837,1200059,1198354,1203651,1201099,1199509,1201218,1200775,1201261,1202955,1202371,1196801,1200805,1204153,1198351,1204968,1203239,1200972,1203951,1198754,1199414,1203191,1205557,1201896,1202818,1199817,1205682,1202581,1203777,1201564,1200254,1201169,1200244,1202102,1203192,1203976,1205124,1202964,1204599,1198382,1200607,1201052
UOPS_ISSUED.FLAGS_MERGE,r100e:u,-0.0297342810319,620,605,604,599,601,618,598,616,604,611,606,608,609,618,618,605,608,620,616,607,607,611,604,617,621,623,610,615,608,610,608,620,610,622,608,610,606,610,601,617,616,603,607,614,612,605,620,620,607,616,607,614,602,625,609,606,604,609,605,613,611,610,608,597,614,610,608,606,603,611,603,609,613,609,604,612,609,613,603,614,609,602,604,618,621,612,602,612,605,603,608,616,613,606,601,607,614,609,604,604
UOPS_ISSUED.SLOW_LEA,r200e:u,-0.0303747711634,892,850,832,828,842,913,809,884,845,879,857,854,859,893,905,847,856,885,871,843,855,875,833,881,901,912,859,877,843,849,842,902,845,892,842,856,847,859,821,882,876,824,827,867,865,817,899,899,840,880,838,878,832,919,836,836,825,860,842,863,864,857,845,830,884,851,848,838,831,857,828,861,867,846,834,862,850,859,846,871,828,829,835,889,907,869,844,865,836,826,846,887,878,846,826,849,879,856,832,827
UOPS_ISSUED.SiNGLE_MUL,r400e:u,nan,0,0,0,0,0,0,0,0,0,0,0,0,0,0,0,0,0,0,0,0,0,0,0,0,0,0,0,0,0,0,0,0,0,0,0,0,0,0,0,0,0,0,0,0,0,0,0,0,0,0,0,0,0,0,0,0,0,0,0,0,0,0,0,0,0,0,0,0,0,0,0,0,0,0,0,0,0,0,0,0,0,0,0,0,0,0,0,0,0,0,0,0,0,0,0,0,0,0,0,0
L2_RQSTS.DEMAND_DATA_RD_MISS,r2124:u,-0.281766585717,517,516,512,514,517,516,512,523,514,517,518,519,519,520,519,512,514,518,518,516,515,517,521,511,515,518,511,511,514,515,510,514,514,516,510,517,512,511,510,517,514,511,510,514,509,511,515,512,511,512,506,510,505,516,510,514,511,513,512,511,508,516,507,506,511,508,509,506,515,516,510,516,518,512,514,512,514,513,514,514,511,515,507,511,514,510,507,512,508,506,514,514,509,510,506,515,511,510,509,516
L2_RQSTS.DEMAND_DATA_RD_HIT,r4124:u,0.0419312323029,328,328,330,325,323,322,332,332,323,326,326,330,324,322,320,322,327,329,331,324,329,329,320,322,328,328,325,329,324,323,327,320,329,324,324,321,327,320,322,328,328,321,325,325,325,323,328,323,323,326,326,325,322,328,324,327,326,325,321,322,327,328,326,327,328,327,325,327,326,324,322,327,330,324,328,320,325,328,325,325,327,316,320,325,325,322,328,325,326,326,321,325,325,326,325,321,327,327,330,320
L2_RQSTS.ALL_DEMAND_DATA_RD,re124:u,-0.314913015049,1084,1083,1080,1081,1076,1072,1082,1078,1076,1079,1080,1084,1075,1073,1072,1072,1079,1082,1078,1076,1079,1075,1073,1075,1082,1077,1067,1071,1070,1069,1072,1069,1081,1081,1077,1075,1072,1073,1073,1077,1079,1070,1067,1073,1077,1068,1078,1075,1077,1072,1062,1073,1072,1074,1072,1073,1072,1067,1072,1074,1066,1073,1071,1072,1068,1073,1066,1078,1070,1075,1075,1074,1077,1072,1080,1072,1069,1082,1072,1078,1076,1065,1067,1073,1069,1069,1078,1074,1076,1071,1073,1071,1081,1072,1075,1073,1073,1076,1076,1066
L2_RQSTS.RFO_HIT,r4224:u,-0.35819300493,64,68,68,68,68,66,69,69,68,68,67,69,68,66,69,70,67,70,69,69,69,69,70,70,68,70,66,68,69,69,69,69,68,68,68,69,69,67,70,69,68,68,68,68,69,70,69,69,69,68,68,67,65,68,68,68,68,67,68,68,70,67,66,63,66,69,69,67,69,70,69,67,68,69,67,71,69,69,68,69,69,70,71,71,71,71,71,70,71,68,70,71,71,71,67,71,70,66,65,68
L2_RQSTS.RFO_MISS,r2224:u,0.586405653689,127,122,120,118,120,122,122,119,119,120,122,120,121,121,119,120,121,121,119,121,121,119,119,122,121,120,123,122,120,119,121,118,121,123,123,123,121,122,122,121,122,122,123,124,122,120,123,122,124,124,123,124,127,123,123,124,124,125,126,123,123,125,125,129,124,119,119,123,119,119,122,123,124,122,123,119,119,120,121,122,121,122,120,120,120,120,119,122,119,122,119,119,122,120,121,120,121,124,126,122
L2_RQSTS.ALL_RFO,re224:u,0.471662074109,238,237,235,233,235,234,234,236,232,234,232,232,234,232,232,234,234,234,233,235,237,235,235,234,234,233,236,234,235,232,234,235,236,240,238,238,239,240,239,237,239,237,239,239,238,237,238,239,238,239,240,237,236,240,239,239,242,239,239,238,240,240,238,239,242,238,236,239,238,234,238,237,236,234,237,234,236,236,239,236,238,238,236,239,236,238,236,237,236,236,235,238,236,233,234,239,239,239,237,239
L2_RQSTS.CODE_RD_HIT,r4424:u,0.0284948185419,356,346,340,341,351,350,350,340,331,344,358,337,338,326,320,360,329,347,343,317,343,334,337,331,341,333,353,338,325,366,344,351,346,349,339,341,364,350,356,335,328,333,319,332,333,330,344,348,348,326,369,326,343,354,343,343,345,325,343,332,316,324,351,372,348,337,340,333,335,335,336,327,348,334,334,331,338,339,339,333,341,329,367,357,360,344,329,334,348,336,353,342,344,333,318,337,340,340,324,359
L2_RQSTS.CODE_RD_MISS,r2424:u,0.0375807837872,1120,1107,1095,1115,1129,1124,1125,1117,1104,1113,1147,1111,1111,1088,1094,1154,1113,1118,1109,1086,1121,1097,1114,1100,1118,1105,1122,1108,1098,1149,1123,1130,1110,1126,1102,1116,1149,1125,1122,1122,1106,1106,1092,1090,1116,1090,1124,1119,1115,1077,1152,1098,1108,1127,1109,1108,1126,1096,1126,1112,1089,1084,1120,1165,1124,1111,1105,1118,1086,1098,1111,1082,1125,1113,1101,1089,1100,1117,1111,1087,1121,1102,1153,1132,1141,1108,1103,1113,1131,1092,1131,1116,1108,1087,1081,1112,1115,1104,1087,1127
L2_RQSTS.ALL_DEMAND_MISS,r2724:u,0.0338865365417,1758,1741,1736,1751,1768,1760,1758,1755,1739,1748,1787,1749,1743,1726,1720,1788,1740,1756,1734,1712,1757,1730,1754,1731,1751,1737,1757,1742,1731,1790,1758,1768,1740,1758,1739,1755,1789,1758,1750,1759,1739,1741,1733,1716,1752,1726,1762,1754,1748,1710,1788,1734,1744,1761,1739,1743,1764,1725,1767,1739,1713,1712,1753,1805,1756,1749,1736,1748,1720,1735,1747,1710,1758,1741,1729,1716,1730,1749,1747,1717,1757,1729,1782,1763,1774,1737,1732,1738,1763,1717,1765,1748,1738,1711,1714,1748,1747,1735,1718,1763
L2_RQSTS.ALL_DEMAND_REFERENCES,re724:u,-0.0552221436118,2757,2738,2724,2780,2810,2764,2776,2793,2765,2780,2764,2740,2777,2812,2766,2788,2759,2801,2757,2757,2755,2788,2750,2730,2756,2720,2725,2749,2782,2762,2739,2745,2770,2809,2750,2773,2724,2715,2819,2812,2745,2807,2737,2736,2810,2782,2773,2764,2765,2691,2746,2821,2762,2754,2712,2800,2760,2723,2791,2779,2775,2724,2750,2803,2801,2847,2742,2771,2814,2785,2757,2713,2811,2779,2778,2794,2743,2752,2716,2789,2773,2682,2763,2772,2824,2770,2777,2789,2750,2797,2761,2766,2755,2688,2789,2795,2782,2765,2745,2768
L2_RQSTS.ALL_CODE_RD,re424:u,-0.0762377785815,1443,1426,1416,1469,1497,1455,1462,1482,1463,1467,1459,1429,1461,1498,1455,1474,1458,1489,1453,1451,1449,1475,1433,1417,1449,1414,1415,1435,1471,1449,1434,1436,1464,1494,1436,1461,1413,1399,1494,1491,1428,1489,1420,1425,1499,1464,1458,1452,1454,1378,1428,1505,1452,1447,1399,1485,1443,1415,1477,1466,1467,1423,1436,1484,1484,1532,1430,1468,1502,1472,1445,1409,1500,1463,1464,1473,1437,1448,1414,1475,1456,1382,1453,1455,1513,1461,1465,1474,1437,1487,1452,1455,1442,1392,1479,1476,1463,1451,1435,1461
L2_RQSTS.L2_PF_HIT,r5024:u,0.0420910316668,208,208,201,209,210,208,209,220,228,205,209,209,211,209,207,207,212,217,211,219,214,213,206,203,206,211,211,220,223,209,205,216,215,217,213,212,201,219,218,210,211,213,209,211,218,220,205,212,223,213,217,220,211,204,215,215,209,204,220,210,209,207,211,221,217,211,205,228,214,208,220,210,221,212,211,207,205,205,225,217,221,203,213,211,214,213,211,214,212,205,209,210,216,207,212,220,206,211,205,211
L2_RQSTS.L2_PF_MISS,r3024:u,0.153795265772,885,877,883,886,888,886,885,889,883,872,885,889,881,885,884,884,884,892,893,900,885,884,884,885,880,885,886,894,895,890,890,886,889,893,893,881,886,892,886,883,890,885,879,898,896,899,880,893,902,884,892,899,893,899,896,904,887,888,901,890,893,886,888,894,892,899,873,902,895,881,893,890,900,893,881,889,886,891,896,893,893,895,901,897,899,899,898,900,889,894,892,896,901,888,894,899,898,891,894,898
L2_RQSTS.ALL_PF,rf824:u,0.19511192107,1840,1856,1840,1830,1862,1848,1869,1852,1843,1855,1872,1863,1864,1844,1870,1865,1839,1898,1882,1884,1883,1880,1881,1891,1859,1887,1870,1899,1884,1891,1864,1879,1868,1879,1864,1851,1874,1861,1869,1860,1879,1859,1864,1876,1880,1862,1871,1879,1847,1881,1873,1897,1861,1881,1861,1882,1877,1863,1873,1866,1869,1882,1870,1894,1898,1858,1869,1838,1875,1863,1865,1846,1860,1836,1886,1867,1851,1866,1855,1867,1869,1844,1881,1877,1881,1876,1871,1873,1881,1879,1879,1896,1884,1878,1877,1873,1896,1886,1888,1883
L2_RQSTS.MISS,r3f24:u,0.1742918321,2873,2931,2877,2866,2907,2864,2869,2901,2871,2900,2884,2891,2878,2892,2897,2917,2898,2945,2904,2915,2968,2934,2923,2952,2911,2944,2905,2921,2888,2871,2896,2874,2902,2931,2914,2914,2924,2930,2924,2927,2930,2902,2924,2926,2934,2910,2896,2951,2868,2971,2931,2945,2902,2928,2889,2965,2935,2890,2912,2901,2926,2913,2911,2943,2933,2914,2877,2894,2936,2909,2942,2892,2880,2870,2928,2948,2904,2931,2904,2891,2916,2878,2914,2938,2947,2923,2920,2918,2941,2921,2922,2930,2970,2926,2935,2927,2960,2932,2934,2924
L2_RQSTS.REFERENCES,rff24:u,0.167393745263,4577,4646,4564,4540,4628,4560,4590,4606,4567,4605,4600,4599,4585,4598,4615,4632,4592,4701,4623,4633,4730,4677,4657,4704,4623,4688,4609,4675,4606,4593,4605,4587,4614,4660,4628,4628,4646,4657,4660,4624,4652,4611,4633,4671,4665,4627,4614,4708,4570,4719,4654,4701,4608,4671,4579,4728,4659,4584,4622,4613,4638,4631,4645,4698,4688,4632,4602,4588,4675,4626,4673,4588,4573,4562,4670,4689,4610,4660,4590,4609,4633,4568,4639,4678,4690,4647,4637,4641,4673,4650,4647,4666,4719,4650,4660,4653,4717,4662,4667,4658
L2_DEMAND_RQSTS.WB_HIT,r5027:u,0.261978641034,224,227,229,225,226,229,225,226,227,230,228,229,229,226,227,226,226,226,226,224,228,230,225,226,232,227,227,233,226,226,227,229,228,227,232,228,229,227,229,226,228,228,228,229,230,234,226,228,225,232,230,230,228,229,230,227,230,230,228,232,228,226,234,228,233,226,228,231,227,227,228,228,226,228,227,228,223,229,226,228,229,230,230,231,228,228,233,225,229,228,231,232,233,228,229,231,229,231,231,228
LONGEST_LAT_CACHE.REFERENCE,cache-references:u,0.129499420254,2052,2061,2040,2057,2043,2079,2082,2066,2052,2077,2048,2046,2012,2021,2054,2030,2056,2092,2021,2026,2100,2059,2088,2093,2072,2064,2077,2076,2089,2046,2023,2013,2069,2073,2064,2077,2047,2026,2089,2106,2058,2054,2057,2042,2045,2047,2051,2035,2094,2024,2069,2065,2047,2069,2058,2100,2075,2063,2057,2090,2088,2033,2061,2051,2038,2052,2021,2017,2080,2077,2061,2080,2020,2018,2049,2056,2061,2078,2069,2013,2080,2029,2047,2036,2073,2024,2053,2068,2033,2074,2057,2056,2067,2036,2056,2064,2049,2054,2071,2029
LONGEST_LAT_CACHE.MISS,cache-misses:u,0.0639252339834,1,1,1,2,1,1,1,1,1,1,1,1,1,1,1,1,1,1,1,1,1,1,1,1,1,1,1,1,1,1,1,0,1,1,1,1,1,1,1,1,1,2,1,1,1,1,1,1,1,1,1,1,1,1,1,1,1,1,1,1,2,1,1,1,1,1,1,1,1,1,1,2,1,1,1,1,1,1,1,1,1,1,1,1,1,1,1,1,1,1,1,1,2,1,1,1,1,0,1,1
CPU_CLK_UNHALTED.THREAD_P,cycles:u,1.0,684617,687265,686718,687014,687255,688402,686258,686036,687124,687820,687191,687272,685681,684643,686929,685882,684897,688420,685305,685633,689805,687391,689402,690035,687264,688021,688667,689550,687833,686549,686783,684115,687562,689211,687628,688756,685774,685055,688806,690794,686857,686881,685395,685876,686056,687436,686777,684416,689110,816080,819366,821081,817217,826057,825551,822288,826624,826107,819856,822104,827999,817173,833003,820405,817079,686547,686238,685049,687082,688505,686908,685927,684209,684901,687245,686033,688470,686628,688655,685488,687903,685280,686306,685365,686852,686498,687203,686602,684958,686064,686635,685678,689757,685651,686575,684900,686717,684305,687373,687783
CPU_CLK_THREAD_UNHALTED.REF_XCLK,bus-cycles:u,0.99946409726,19497,19625,19596,19603,19440,19622,19457,19586,19518,19511,19502,19524,19482,19501,19576,19520,19438,19622,19556,19441,19709,19628,19697,19692,19623,19545,19590,19625,19640,19579,19567,19477,19506,19595,19612,19574,19568,19512,19619,19690,19560,19499,19550,19574,19579,19519,19571,19530,19666,23302,23308,23398,23216,23602,23551,23417,23618,23588,23257,23490,23608,23348,23786,23441,23345,19580,19555,19535,19570,19564,19553,19473,19474,19556,19513,19565,19600,19618,19611,19586,19641,19557,19480,19559,19485,19540,19543,19541,19508,19552,19595,19544,19665,19590,19616,19544,19496,19427,19616,19651
L1D_PEND_MISS.PENDING,r0148:u,-0.0253026928603,23342,23138,23175,22776,22998,22572,23224,22950,23306,23235,23631,22442,23126,23055,23265,22766,22882,23268,22944,22181,23338,23238,23396,22904,23357,23522,23617,22233,23299,23768,22812,22832,23827,23357,22699,25989,22730,22492,23264,22832,22914,23074,23005,23048,22846,22705,22720,22937,23365,23881,23303,22259,22480,22930,23547,23364,23199,22842,22715,23340,23055,22959,22436,23260,23061,23345,23538,22912,22667,23224,23239,22393,23354,22966,22638,23000,22832,23346,23148,23080,23953,23059,22771,23583,22418,22954,22973,23311,23112,23370,22659,22854,22760,22783,22398,23068,23371,22772,22919,23042
DTLB_STORE_MISSES.MISS_CAUSES_A_WALK,r0149:u,0.096935201899,71,71,71,70,68,70,70,70,72,71,72,70,70,71,70,70,69,70,70,68,70,71,73,72,71,72,71,69,70,71,70,69,71,69,72,73,71,68,70,72,71,72,71,71,70,71,71,70,72,71,72,68,70,71,72,73,72,71,71,72,72,71,71,70,71,72,71,71,70,72,70,71,73,69,72,72,71,73,71,71,73,72,71,72,71,69,70,69,74,71,71,71,71,72,69,70,74,71,71,70
DTLB_STORE_MISSES.WALK_COMPLETED_4K,r0249:u,-0.119023552292,52,52,52,52,53,52,53,52,52,52,52,53,53,52,52,52,51,51,52,52,52,52,52,52,52,52,51,52,52,52,51,51,53,52,51,53,52,52,52,52,52,52,51,52,51,52,51,52,52,51,52,51,51,52,53,52,51,51,52,52,52,52,52,53,52,51,52,52,52,52,51,52,52,52,52,52,52,52,53,53,52,52,53,52,52,53,52,52,51,53,52,52,52,52,52,52,52,52,52,53
DTLB_STORE_MISSES.WALK_COMPLETED_2M_4M,r0449:u,nan,0,0,0,0,0,0,0,0,0,0,0,0,0,0,0,0,0,0,0,0,0,0,0,0,0,0,0,0,0,0,0,0,0,0,0,0,0,0,0,0,0,0,0,0,0,0,0,0,0,0,0,0,0,0,0,0,0,0,0,0,0,0,0,0,0,0,0,0,0,0,0,0,0,0,0,0,0,0,0,0,0,0,0,0,0,0,0,0,0,0,0,0,0,0,0,0,0,0,0,0
DTLB_STORE_MISSES.WALK_COMPLETED,r0e49:u,-0.0996568441766,52,52,52,52,52,53,52,53,52,52,51,52,52,52,51,52,52,51,52,52,52,51,52,51,52,52,53,52,52,51,52,52,52,51,52,52,52,52,51,51,52,52,51,51,52,52,52,52,52,52,52,51,51,52,52,52,52,51,52,52,52,51,52,52,52,52,52,52,52,52,51,53,52,52,51,52,51,51,52,52,52,52,52,52,53,51,52,52,52,52,52,52,52,53,52,52,52,52,52,52
DTLB_STORE_MISSES.WALK_DURATION,r1049:u,0.0767326801269,1263,1272,1263,1262,1273,1274,1270,1265,1270,1274,1261,1265,1269,1272,1256,1269,1266,1258,1265,1277,1280,1251,1265,1284,1260,1265,1277,1257,1263,1243,1254,1265,1254,1265,1256,1267,1284,1274,1266,1262,1269,1262,1272,1258,1263,1283,1277,1265,1267,1255,1259,1267,1273,1276,1271,1276,1264,1266,1276,1248,1267,1270,1271,1265,1267,1269,1261,1271,1259,1272,1260,1255,1266,1267,1264,1263,1267,1261,1266,1262,1280,1267,1258,1249,1271,1258,1259,1266,1250,1278,1256,1255,1259,1272,1261,1260,1266,1259,1280,1273
DTLB_STORE_MISSES.STLB_HIT_4K,r2049:u,0.31228184396,304,312,308,305,309,304,304,304,306,306,304,304,306,307,308,306,303,301,307,303,311,303,302,306,302,304,301,309,302,305,303,300,304,308,303,307,304,303,306,305,311,304,307,306,304,309,308,304,306,307,306,305,304,319,313,303,314,309,304,305,308,306,310,304,309,305,306,302,304,303,311,304,304,303,306,305,306,303,303,303,304,302,304,301,305,302,305,308,310,312,305,304,313,305,307,302,306,304,305,312
DTLB_STORE_MISSES.STLB_HIT_2M,r4049:u,nan,0,0,0,0,0,0,0,0,0,0,0,0,0,0,0,0,0,0,0,0,0,0,0,0,0,0,0,0,0,0,0,0,0,0,0,0,0,0,0,0,0,0,0,0,0,0,0,0,0,0,0,0,0,0,0,0,0,0,0,0,0,0,0,0,0,0,0,0,0,0,0,0,0,0,0,0,0,0,0,0,0,0,0,0,0,0,0,0,0,0,0,0,0,0,0,0,0,0,0,0
DTLB_STORE_MISSES.STLB_HIT,r6049:u,0.0995335388869,305,319,312,306,305,307,307,319,303,306,305,305,304,304,302,305,306,303,300,307,306,303,302,302,315,303,307,304,304,304,305,302,300,310,303,308,304,305,313,304,303,303,316,305,305,306,304,304,304,308,307,303,305,306,304,316,307,311,311,308,305,304,306,304,303,305,302,304,305,304,304,305,306,310,305,303,302,306,304,306,304,309,303,302,311,305,314,303,303,304,303,315,303,302,306,315,302,308,306,304
DTLB_STORE_MISSES.PDE_CACHE_MISS,r8049:u,-0.0402768487222,47,46,48,49,44,52,47,47,51,49,47,48,47,48,50,48,48,49,47,51,49,49,48,48,47,50,49,47,51,50,50,48,45,49,48,51,47,48,49,52,49,49,50,48,50,48,48,49,48,50,50,49,49,47,48,49,49,48,48,48,47,47,48,50,47,49,46,46,47,46,50,50,49,49,49,49,48,52,47,50,51,48,51,52,52,49,47,47,46,49,49,48,49,47,50,50,47,49,46,47
LOAD_HIT_PRE.SW_PF,r014c:u,nan,0,0,0,0,0,0,0,0,0,0,0,0,0,0,0,0,0,0,0,0,0,0,0,0,0,0,0,0,0,0,0,0,0,0,0,0,0,0,0,0,0,0,0,0,0,0,0,0,0,0,0,0,0,0,0,0,0,0,0,0,0,0,0,0,0,0,0,0,0,0,0,0,0,0,0,0,0,0,0,0,0,0,0,0,0,0,0,0,0,0,0,0,0,0,0,0,0,0,0,0
LOAD_HIT_PRE.HW_PF,r024c:u,0.0966645938617,4862,4845,4838,4830,4823,4842,4838,4844,4865,4864,4885,4867,4838,4866,4861,4837,4848,4838,4852,4856,4863,4851,4833,4834,4852,4841,4869,4852,4862,4853,4839,4857,4838,4846,4862,4889,4825,4852,4839,4862,4857,4817,4833,4852,4882,4890,4861,4849,4865,4857,4864,4836,4812,4877,4859,4848,4871,4864,4859,4849,4878,4835,4855,4848,4888,4879,4874,4876,4864,4803,4868,4864,4852,4852,4870,4821,4869,4859,4827,4854,4886,4865,4854,4860,4880,4862,4794,4862,4858,4831,4829,4829,4826,4869,4849,4838,4852,4844,4846,4841
L1D.REPLACEMENT,r0151:u,0.227665375394,2101,2079,2083,2082,2089,2093,2092,2088,2089,2078,2081,2095,2096,2088,2096,2089,2096,2088,2079,2085,2096,2099,2086,2081,2094,2074,2083,2085,2089,2074,2083,2086,2079,2082,2090,2077,2098,2090,2086,2085,2101,2097,2092,2096,2077,2088,2094,2100,2073,2085,2092,2099,2097,2093,2098,2080,2093,2096,2082,2090,2096,2103,2090,2097,2105,2098,2077,2072,2088,2085,2093,2086,2086,2093,2097,2103,2086,2083,2080,2102,2083,2094,2101,2076,2096,2097,2075,2095,2084,2084,2081,2079,2095,2085,2094,2101,2069,2092,2094,2104
MOVE_ELIMINATION.INT_NOT_ELIMINATED,r0458:u,0.101499111274,478,457,466,456,477,478,468,458,462,458,463,471,457,457,480,468,483,454,450,458,468,472,463,450,472,456,459,462,463,447,459,467,457,458,470,458,481,472,452,468,481,480,468,468,467,466,467,479,442,455,456,474,458,465,477,445,456,474,465,471,487,477,473,478,490,481,455,459,461,465,466,453,463,468,479,481,469,466,462,486,456,465,477,458,473,476,455,472,466,459,466,463,463,461,479,485,447,462,477,488
MOVE_ELIMINATION.SIMD_NOT_ELIMINATED,r0858:u,nan,1,1,1,1,1,1,1,1,1,1,1,1,1,1,1,1,1,1,1,1,1,1,1,1,1,1,1,1,1,1,1,1,1,1,1,1,1,1,1,1,1,1,1,1,1,1,1,1,1,1,1,1,1,1,1,1,1,1,1,1,1,1,1,1,1,1,1,1,1,1,1,1,1,1,1,1,1,1,1,1,1,1,1,1,1,1,1,1,1,1,1,1,1,1,1,1,1,1,1,1
MOVE_ELIMINATION.INT_ELIMINATED,r0158:u,0.0995395004377,9820,9525,9640,9542,9790,9757,9629,9538,9522,9500,9550,9695,9563,9440,9845,9608,9842,9470,9369,9526,9647,9659,9549,9406,9705,9436,9488,9532,9580,9358,9583,9655,9492,9473,9699,9444,9823,9682,9444,9665,9892,9819,9626,9640,9622,9632,9655,9847,9282,9476,9416,9780,9565,9593,9832,9303,9433,9735,9539,9677,9827,9814,9746,9763,10004,9849,9435,9418,9550,9608,9631,9406,9608,9586,9783,9824,9675,9576,9565,9924,9504,9558,9817,9450,9661,9769,9435,9751,9577,9514,9528,9508,9587,9557,9764,9922,9309,9587,9756,9955
MOVE_ELIMINATION.SIMD_ELIMINATED,r0258:u,0.118391107017,6,7,7,7,8,7,8,7,8,6,6,5,6,6,6,5,6,6,7,7,8,8,7,8,8,6,6,6,6,6,6,6,6,7,7,6,7,7,8,8,7,7,6,6,6,6,6,7,5,7,8,8,8,8,7,8,7,6,7,7,7,6,6,6,5,7,6,7,7,7,8,8,8,6,7,6,5,6,6,7,6,7,7,6,8,7,7,7,8,6,7,6,7,7,6,5,6,7,8,7
CPL_CYCLES.RING0,r015c:u,nan,141,141,141,141,141,141,141,141,141,141,141,141,141,141,141,141,141,141,141,141,141,141,141,141,141,141,141,141,141,141,141,141,141,141,141,141,141,141,141,141,141,141,141,141,141,141,141,141,141,141,141,141,141,141,141,141,141,141,141,141,141,141,141,141,141,141,141,141,141,141,141,141,141,141,141,141,141,141,141,141,141,141,141,141,141,141,141,141,141,141,141,141,141,141,141,141,141,141,141,141
CPL_CYCLES.RING123,r025c:u,0.997305209986,683095,683116,681711,683819,687250,685603,687475,684489,688291,685445,687086,682354,685186,683282,684245,684304,683522,682294,684359,685177,684957,684701,685169,683902,686093,683285,684471,685958,685518,683039,684333,684763,686185,684904,684455,683934,682684,683501,686138,683140,683966,685809,686095,685425,684892,687249,684860,687509,683236,813556,819010,815733,833745,820140,823504,820043,814004,823100,826297,818522,818831,828561,817800,815619,815677,686554,681402,686989,684000,684141,684666,686096,685532,683632,682493,683447,683531,684686,684962,684288,682224,684357,685766,683357,686080,685826,683083,683202,684521,684432,685250,684613,686855,685845,684676,684217,684732,685986,686683,685160
RS_EVENTS.EMPTY_CYCLES,r015e:u,0.149326774941,59773,59121,59426,59718,60723,59691,60385,59745,60644,60212,61149,58352,60642,59786,59404,59337,58868,58807,60673,59649,59949,59710,59950,59572,60911,58996,60120,60678,60263,60244,59533,59718,60652,59844,59418,59465,58726,59105,61081,59158,59484,60679,60354,60234,59483,61030,59734,60806,58841,58580,60784,59505,61548,61362,60020,61236,58562,59865,61245,60759,60930,59464,60452,59509,59456,61165,58364,60894,59361,59437,60508,59922,60529,59408,58859,59517,59323,59765,59939,60574,58619,60544,59979,59200,59953,60221,59026,59078,60217,59334,61048,60164,61769,60054,60126,59474,59870,59753,61484,59975
OFFCORE_REQUESTS_OUTSTANDING.DEMAND_DATA_RD,r0160:u,-0.0769250064049,4169727,4585026,6351045,2874754,2340794,2983178,4840137,2907661,2524181,2674356,1235698,4457264,4780054,3992557,4562419,5941599,3518099,3998318,2576690,3996113,2609540,1662416,4429159,2418137,5551642,4461407,5114160,626288,1699092,3131536,1606094,5184729,3992882,2967101,1719833,2837674,5849536,1860054,2382687,1831480,3933366,4384419,1507309,2590517,2909667,3622363,3250681,4538468,1056660,4726552,4276094,3393336,1708313,6401702,2133942,5604414,2488064,1920446,2963687,5006022,1679014,965475,3173893,3625467,1400725,1497415,2424650,6150311,7017933,4103457,4302151,2942860,1216770,3319119,3020026,4791347,3705803,5885205,2029289,4973169,3099990,1884710,4147905,3956143,3186384,2456652,8351907,4535045,3092176,4965870,2649100,3597134,2075580,2114251,2861744,3479020,1672656,4806870,4262047,5466588
OFFCORE_REQUESTS_OUTSTANDING.DEMAND_CODE_RD,r0260:u,0.0791994140697,6456498,5793634,7149040,6349522,5614837,5357725,6762100,5917884,5712248,5302284,5430528,6231708,6134671,5993435,6219193,6997207,6078012,6398729,5600011,5823417,5705146,4872450,6660828,5522233,6111000,6099932,6754058,4819915,5154091,5812300,5254668,6685747,5955030,5587990,5318975,5393895,6963798,5479560,5900890,5138768,6472781,5858768,5357092,6370877,6045710,6383220,5774801,6443025,4986323,5751263,7238506,6968444,4721606,7143412,6145038,6110418,5916503,6517591,6687905,6138202,4898764,3533417,7036423,7121312,5820535,5041539,5510444,6620365,6912358,6563698,6142164,5575515,5271823,5758259,6130840,6707941,5939031,6797677,4939468,5637877,5988726,4623102,6259566,6589971,6273140,6160122,7528443,5395555,6507042,6535106,6279936,6090800,5560235,5173882,5931204,6236977,5755725,6165560,5890770,6597360
OFFCORE_REQUESTS_OUTSTANDING.DEMAND_RFO,r0460:u,0.438582304474,5194526,4432526,5325373,1373390,912532,2129848,3898056,1944495,1282157,2787682,894193,3431434,4312830,2063729,3658818,5714784,2289605,95436,100846,253611,147457,170941,425043,83227,81730,179321,426474,45044,93606,176981,15712,752285,104293,597684,343716,433693,4024000,246359,240073,124419,1106901,254209,106196,118092,513390,386290,239479,522311,151243,4742150,5161915,3649151,1865180,6630217,2805592,5738419,1134549,2150860,3798881,4714254,1574374,1263560,2388018,3212602,2094147,616965,621077,4084997,5530612,3262197,3647741,1343395,236661,411724,1204856,2040192,403696,3948816,230990,1445186,765708,51035,89952,237738,98630,58859,1833277,1289193,53366,368505,155937,10356,114632,137870,141259,68707,145418,223434,94911,399321
OFFCORE_REQUESTS_OUTSTANDING.ALL_DATA_RD,r0860:u,0.0787043962599,1966997,2322113,3492539,1767526,1829997,2043683,1548790,1674626,1547341,1371093,1248609,2105402,2527230,2355797,1752030,2751078,1528149,2068112,1501280,2061760,1751143,1341945,1833013,1816743,2446703,1861178,2709892,859286,1411176,1700718,1420696,2594084,2306073,1384921,1178751,1652034,2640996,1076318,1373419,1567562,2103919,2636417,1355622,1924275,1551124,2262580,1461589,1629445,1229694,2796659,2678965,2006762,1385089,3350382,1421517,2384792,1694986,1515166,2143959,2436565,1810787,1364472,2173785,1882837,1149026,1502053,1557507,2392165,3581166,2199999,2171186,1664302,893211,2419693,1932233,1922091,2541504,2962762,1382398,1994446,1970331,1548431,2724147,1816644,1702215,1557796,3040112,2098524,1867284,2023456,1745196,1234746,1681428,1514688,1791209,1496625,1423332,1664764,2273018,2402743
LOCK_CYCLES.SPLIT_LOCK_UC_LOCK_DURATION,r0163:u,nan,0,0,0,0,0,0,0,0,0,0,0,0,0,0,0,0,0,0,0,0,0,0,0,0,0,0,0,0,0,0,0,0,0,0,0,0,0,0,0,0,0,0,0,0,0,0,0,0,0,0,0,0,0,0,0,0,0,0,0,0,0,0,0,0,0,0,0,0,0,0,0,0,0,0,0,0,0,0,0,0,0,0,0,0,0,0,0,0,0,0,0,0,0,0,0,0,0,0,0,0
LOCK_CYCLES.CACHE_LOCK_DURATION,r0263:u,nan,0,0,0,0,0,0,0,0,0,0,0,0,0,0,0,0,0,0,0,0,0,0,0,0,0,0,0,0,0,0,0,0,0,0,0,0,0,0,0,0,0,0,0,0,0,0,0,0,0,0,0,0,0,0,0,0,0,0,0,0,0,0,0,0,0,0,0,0,0,0,0,0,0,0,0,0,0,0,0,0,0,0,0,0,0,0,0,0,0,0,0,0,0,0,0,0,0,0,0,0
IDQ.EMPTY,r0279:u,-0.16669449624,48165,49094,47339,48181,47862,48354,47924,47222,48574,48575,47922,46249,49997,47510,48198,47822,47678,47886,48202,48226,49663,47496,48086,48943,49183,50026,49213,49645,48597,47389,48628,47212,49797,48821,47662,49268,46476,47636,48047,48047,49190,49176,47274,48410,47173,48864,48954,50130,48459,46245,47614,47524,48057,47830,49041,46550,47027,47912,48671,48511,48211,47815,49196,48420,47237,46867,48581,47700,48501,48458,48907,47641,46996,47995,47702,47741,48933,50901,47104,47319,48789,48201,47656,48059,48019,49553,49002,47310,47707,49271,48342,48593,46940,48679,47844,48311,48344,48426,48713,48834
IDQ.MITE_UOPS,r0479:u,-0.207001136005,32024,32647,31442,32028,31890,32190,31944,31150,32437,32326,31851,30773,33482,31668,32140,32157,31928,31767,32026,32091,33276,31811,32015,32515,32885,33597,32938,33026,32216,31520,32342,31707,33111,32404,31583,32844,30923,31640,32057,32112,32928,32972,31642,31754,31421,32421,32682,33542,32132,30746,31633,31746,31969,31508,32573,30769,31022,31821,32267,32223,31973,31617,32788,32187,31613,30942,32387,31685,32265,32257,32775,31659,31136,31700,31707,31743,32627,34089,31401,31337,32477,32038,31667,32207,32010,32997,32744,31435,31803,32537,32153,32456,31255,32466,31694,32311,32152,32147,32515,32364
IDQ.DSB_UOPS,r0879:u,-0.14974358138,73366,75379,77084,77066,77907,75795,78491,74758,76019,74988,70893,79069,81108,77417,74235,76054,73470,76006,73773,77227,82000,74297,75797,76434,77337,77737,75515,76236,79521,70495,78480,74623,75898,73987,75437,75272,75247,79288,74415,78200,79026,76419,75342,71985,81071,75528,77591,75459,75298,72648,72469,75634,78521,74850,74028,73949,75524,79974,79233,71583,75545,74202,73549,78430,71654,77190,75743,74691,76414,74217,73061,76884,74622,80539,74836,72588,77044,77647,71894,76209,76351,71791,74119,73921,75866,80651,79378,78338,76914,73060,75416,79176,74723,77888,77302,73219,74220,76307,78463,79938
IDQ.MS_DSB_UOPS,r1079:u,-0.0868731317875,2554,2527,2510,2507,2512,2522,2519,2502,2475,2502,2448,2535,2528,2537,2483,2505,2516,2526,2499,2533,2596,2545,2525,2527,2555,2572,2512,2555,2560,2514,2545,2519,2560,2511,2530,2502,2531,2560,2523,2559,2545,2538,2546,2519,2544,2537,2534,2509,2546,2445,2489,2507,2507,2521,2537,2546,2520,2568,2551,2495,2530,2494,2540,2557,2530,2552,2533,2528,2525,2504,2495,2541,2535,2568,2513,2539,2537,2544,2534,2520,2520,2505,2509,2511,2531,2530,2538,2529,2519,2521,2491,2534,2528,2536,2545,2497,2518,2534,2556,2533
IDQ.MS_MITE_UOPS,r2079:u,-0.213390596355,67851,67961,68039,68023,68045,67946,68046,67987,67976,67951,67909,68010,67977,67992,67928,68022,67900,67966,67930,67951,68079,67918,67954,67944,67998,67989,67929,67968,68070,67851,68035,67938,67977,67889,68025,68004,67931,68053,67923,68017,68044,68055,67973,67867,68101,67954,68009,68037,67953,67914,67889,67977,68102,67934,67908,67895,67919,68061,68022,67812,67923,67935,67879,67953,67850,67968,67976,67892,67988,67902,67977,67946,67977,68034,67939,67866,68012,68020,67840,68007,68015,67898,67956,67922,67926,68065,68043,67974,68011,67847,67899,68037,67924,68000,67970,67945,67900,67997,68024,68096
IDQ.MS_UOPS,r3079:u,-0.208816504099,70405,70488,70549,70530,70557,70467,70564,70488,70451,70453,70358,70544,70505,70529,70411,70527,70416,70492,70429,70484,70675,70463,70479,70471,70553,70561,70440,70523,70630,70364,70580,70457,70537,70401,70555,70506,70462,70614,70446,70576,70590,70593,70519,70385,70646,70491,70543,70546,70499,70360,70378,70484,70609,70455,70445,70441,70438,70628,70574,70307,70453,70429,70419,70510,70379,70521,70508,70420,70513,70406,70472,70487,70512,70602,70451,70406,70550,70564,70374,70527,70535,70403,70465,70433,70457,70595,70581,70503,70530,70369,70390,70571,70452,70535,70515,70443,70418,70531,70580,70629
IDQ.ALL_DSB_CYCLES_ANY_UOPS,r01001879:u,0.0470825496866,23436,22928,22412,23092,22283,23005,22680,24171,22284,23437,22639,24043,23339,22035,23082,22641,22755,24359,21657,23416,23320,22941,24160,21674,22239,23411,22307,22734,22219,21489,22870,22336,22501,22144,21552,22974,22676,24052,23146,22960,22632,23375,23033,22377,23500,21905,24322,22793,22221,22173,22645,22267,23506,23437,22943,23344,23816,23037,22382,21959,22644,23914,24089,21910,21964,22096,21568,23318,21914,21215,23402,24234,22103,23381,23957,22217,23325,21388,22288,23535,22729,23034,23885,22038,21631,22455,24057,21795,23303,22818,23402,23350,22816,22492,21925,22148,22959,22393,22524,23406
IDQ.ALL_DSB_CYCLES_4_UOPS,r04001879:u,0.0428923914139,15457,15176,14873,15309,14811,15215,15058,15936,14806,15526,15053,15886,15455,14655,15305,15065,15035,16083,14428,15512,15427,15236,15941,14440,14737,15480,14842,15061,14796,14291,15160,14839,14931,14713,14402,15240,15104,15906,15302,15219,15047,15492,15269,14918,15503,14554,16080,15104,14714,14772,15012,14783,15554,15485,15201,15499,15715,15327,14821,14603,15016,15741,15886,14605,14609,14683,14370,15457,14591,14204,15550,15999,14681,15443,15852,14761,15456,14280,14803,15578,15072,15286,15766,14664,14449,14886,15866,14538,15391,15162,15493,15429,15122,14890,14632,14698,15215,14860,14950,15534
IDQ.ALL_MITE_CYCLES_ANY_UOPS,r01002479:u,0.000443149135078,49381,49057,48976,49192,48892,49242,49074,49590,48836,49376,49071,49686,49314,48711,49228,49012,49129,49752,48650,49236,49356,49038,49791,48675,48832,49409,48867,49124,48897,48567,49035,48933,48974,48778,48718,49169,49012,49730,49242,49014,49094,49243,49242,48895,49276,48723,49768,49136,48860,48756,49011,48879,49361,49381,49158,49210,49520,49011,48883,48783,48944,49562,49551,48574,48820,48717,48560,49260,48674,48415,49331,49580,48892,49250,49534,48826,49325,48582,48951,49455,49028,49226,49516,48705,48652,49020,49607,48810,49409,49060,49314,49266,49083,48963,48694,48947,49111,48844,48889,49436
IDQ.ALL_MITE_CYCLES_4_UOPS,r04002479:u,-0.0187521535431,10879,10831,10817,10846,10784,10848,10858,10910,10765,10893,10847,10951,10861,10768,10849,10827,10833,10939,10748,10838,10891,10793,10981,10768,10785,10898,10794,10837,10797,10724,10818,10803,10800,10765,10777,10834,10811,10940,10864,10820,10863,10857,10855,10769,10845,10776,10953,10852,10798,10780,10813,10806,10882,10878,10830,10833,10915,10806,10785,10768,10788,10914,10906,10731,10786,10755,10756,10861,10758,10717,10867,10911,10804,10843,10900,10773,10872,10734,10810,10880,10835,10852,10907,10749,10751,10833,10916,10767,10890,10826,10881,10846,10832,10785,10754,10813,10834,10771,10788,10898
IDQ.MITE_ALL_UOPS,r3c79:u,0.156570160003,181936,183364,181671,176146,179279,179846,175766,179634,175054,181422,177888,177384,182250,180224,177931,180832,181642,175415,181807,183065,177992,178622,177450,177572,176407,178626,184135,179976,182350,177273,181392,180968,178682,176530,172804,182020,179297,180789,179411,183930,175203,172973,176370,175886,185374,177157,176635,173770,177908,184639,178576,176389,182156,178241,173438,179843,178805,177509,178147,184023,179807,177500,185029,181350,183559,175842,187412,179859,177225,170821,178917,173127,179586,179598,181309,173501,179515,177731,177873,177741,178338,180963,177659,177318,177043,175911,179383,173560,176251,179817,179195,177804,177333,181655,177235,174851,180052,178316,176929,183095
ICACHE.MISSES,r0280:u,-0.13902549468,601,611,612,611,615,607,617,608,600,602,606,607,606,607,605,605,613,601,603,605,604,608,611,616,611,615,602,605,611,601,605,611,608,600,615,618,601,614,609,609,614,610,608,610,609,608,605,601,612,611,606,602,605,610,609,610,602,605,599,601,605,609,604,609,608,597,607,610,605,612,609,604,611,603,609,605,614,604,604,606,616,618,615,613,604,610,605,606,608,603,605,605,606,606,613,606,600,606,603,604
ITLB_MISSES.MISS_CAUSES_A_WALK,r0185:u,0.152214342764,211,216,214,208,213,211,215,212,211,210,213,211,210,216,209,219,213,209,214,213,210,212,206,208,211,210,216,213,209,208,216,214,209,208,214,211,211,212,212,216,212,210,205,213,220,211,212,209,213,214,211,209,212,212,209,212,213,212,216,216,210,208,215,218,219,209,217,213,212,207,216,210,212,210,213,212,212,208,205,209,212,213,213,209,212,215,209,207,212,210,210,207,210,214,213,209,215,212,211,216
ITLB_MISSES.WALK_COMPLETED_4K,r0285:u,0.121836118225,134,136,136,134,136,134,136,134,135,134,136,134,134,138,134,138,135,133,136,135,134,134,133,135,135,135,136,135,134,133,136,136,134,135,138,134,136,135,135,136,136,135,132,135,138,135,136,135,136,134,134,134,135,135,137,136,135,135,139,136,134,134,136,137,137,134,137,136,136,136,137,134,135,134,135,135,136,134,132,133,136,137,136,134,135,136,135,134,136,133,133,133,134,135,137,135,135,134,136,137
ITLB_MISSES.WALK_COMPLETED_2M_4M,r0485:u,nan,0,0,0,0,0,0,0,0,0,0,0,0,0,0,0,0,0,0,0,0,0,0,0,0,0,0,0,0,0,0,0,0,0,0,0,0,0,0,0,0,0,0,0,0,0,0,0,0,0,0,0,0,0,0,0,0,0,0,0,0,0,0,0,0,0,0,0,0,0,0,0,0,0,0,0,0,0,0,0,0,0,0,0,0,0,0,0,0,0,0,0,0,0,0,0,0,0,0,0,0
ITLB_MISSES.WALK_COMPLETED,r0e85:u,-0.136607532471,136,135,136,134,138,134,137,137,134,135,135,132,137,136,136,135,136,134,135,135,135,135,136,133,136,137,136,133,136,136,137,135,135,135,137,135,137,138,135,135,135,137,134,134,137,136,135,136,137,134,136,134,136,135,135,134,136,135,137,137,133,134,133,135,134,135,134,137,136,135,134,134,138,134,135,135,134,136,135,134,130,137,135,135,132,135,134,134,136,137,136,135,136,136,136,135,138,135,137,135
ITLB_MISSES.WALK_DURATION,r1085:u,-0.0654342919248,3630,3639,3649,3624,3798,3644,3650,3681,3633,3642,3626,3592,3675,3658,3645,3628,3634,3622,3638,3652,3634,3633,3659,3602,3675,3679,3619,3585,3658,3652,3689,3621,3616,3588,3656,3633,3706,3654,3623,3642,3614,3644,3608,3614,3646,3635,3642,3654,3690,3603,3669,3617,3635,3624,3646,3633,3650,3625,3706,3691,3589,3588,3628,3613,3588,3607,3617,3690,3635,3641,3606,3616,3650,3608,3632,3617,3610,3657,3623,3596,3518,3659,3677,3609,3585,3613,3609,3604,3665,3648,3637,3628,3643,3638,3622,3627,3683,3661,3650,3626
ITLB_MISSES.STLB_HIT_4K,r2085:u,-0.121155961982,18,18,18,19,18,17,18,18,18,17,18,17,18,16,17,18,17,18,17,18,19,18,19,18,19,17,18,18,17,19,18,18,18,17,18,17,18,18,18,17,18,18,18,17,18,18,17,18,19,18,18,17,17,18,17,17,18,17,18,18,18,18,18,17,18,18,18,19,18,18,18,18,18,18,18,18,17,17,17,17,17,18,18,18,16,19,18,16,18,18,18,18,19,18,18,18,19,18,18,19
ITLB_MISSES.STLB_HIT_2M,r4085:u,nan,0,0,0,0,0,0,0,0,0,0,0,0,0,0,0,0,0,0,0,0,0,0,0,0,0,0,0,0,0,0,0,0,0,0,0,0,0,0,0,0,0,0,0,0,0,0,0,0,0,0,0,0,0,0,0,0,0,0,0,0,0,0,0,0,0,0,0,0,0,0,0,0,0,0,0,0,0,0,0,0,0,0,0,0,0,0,0,0,0,0,0,0,0,0,0,0,0,0,0,0
ITLB_MISSES.STLB_HIT,r6085:u,-0.224032382987,18,18,18,18,18,17,18,17,17,18,18,19,18,18,18,19,18,19,19,17,17,19,18,18,19,17,18,19,17,19,17,18,18,18,18,18,18,18,18,19,18,18,19,18,18,18,18,18,18,17,16,17,17,18,18,17,18,18,18,18,18,18,17,17,19,17,18,18,18,19,19,17,18,18,19,19,18,18,18,18,18,17,17,17,18,18,19,18,17,17,17,19,17,19,19,18,17,18,18,17
ILD_STALL.LCP,r0187:u,0.0132168398044,39,41,39,41,45,43,41,41,41,39,41,44,42,42,39,43,38,43,38,39,43,42,46,40,44,40,40,42,40,44,44,39,39,40,37,36,41,39,41,43,45,42,45,41,40,38,43,43,45,44,41,42,42,43,43,42,41,39,40,37,41,38,42,41,42,41,39,42,40,45,44,42,44,38,43,41,43,42,36,39,41,36,42,36,43,37,44,41,41,42,41,42,39,43,45,43,37,41,36,39
ILD_STALL.IQ_FULL,r0487:u,0.0781511722144,6381,6394,6318,6257,6281,6368,6586,6466,6328,6372,6305,6293,6428,6345,6231,6448,6400,6182,6411,6315,6311,6200,6235,6471,6343,6461,6291,6334,6422,6099,6518,6261,6371,6338,6261,6464,6511,6237,6203,6193,6420,6413,6124,6471,6373,6432,6246,6243,6409,6359,6526,6475,6456,6434,6254,6522,6262,6368,6198,6317,6436,6190,6369,6436,6125,6486,6291,6375,6227,6183,6159,6273,6298,6307,6267,6225,6278,6431,6388,6540,6300,6460,6304,6402,6446,6403,6342,6380,6273,6285,6515,6160,6391,6147,6274,6313,6390,6210,6483,6216
BR_INST_EXEC.COND.NOTAKEN,r4188:u,0.0601167594305,8594,8677,8663,8593,8608,8643,8583,8604,8598,8596,8720,8598,8668,8593,8526,8620,8562,8681,8599,8609,8610,8664,8649,8585,8594,8526,8580,8634,8577,8692,8489,8509,8603,8752,8547,8711,8616,8655,8649,8591,8741,8573,8613,8641,8641,8650,8665,8603,8671,8606,8589,8541,8625,8738,8614,8650,8674,8645,8669,8543,8714,8589,8756,8580,8521,8644,8702,8598,8688,8612,8651,8666,8740,8640,8537,8694,8584,8665,8629,8407,8566,8627,8597,8494,8514,8560,8653,8711,8584,8560,8674,8705,8703,8675,8595,8597,8624,8617,8551,8701
BR_INST_EXEC.COND.TAKEN,r8188:u,0.0195861110164,72094,72105,72110,72091,72099,72105,72088,72091,72106,72103,72109,72096,72108,72089,72082,72113,72090,72108,72094,72092,72102,72109,72105,72106,72095,72085,72103,72106,72094,72111,72078,72092,72081,72108,72103,72114,72101,72104,72103,72102,72118,72090,72096,72090,72105,72105,72098,72097,72124,72091,72104,72085,72103,72117,72102,72107,72098,72101,72108,72096,72121,72086,72117,72090,72101,72115,72107,72099,72114,72102,72096,72108,72118,72111,72087,72110,72100,72114,72106,72079,72100,72107,72102,72096,72086,72102,72107,72110,72098,72101,72105,72112,72126,72113,72099,72101,72110,72095,72096,72102
BR_INST_EXEC.DIRECT_JMP.TAKEN,r8288:u,0.0770329136929,599,630,623,605,608,618,607,605,604,611,624,617,619,618,600,624,600,626,608,609,614,624,620,614,605,598,609,621,609,633,592,603,615,638,601,628,609,619,613,606,648,614,619,612,623,621,613,612,623,609,613,591,628,643,611,611,627,619,619,604,639,604,643,604,595,625,629,613,629,620,616,623,638,611,590,624,604,623,616,592,607,615,605,596,591,600,623,628,609,600,633,625,625,618,603,605,604,614,608,620
BR_INST_EXEC.INDIRECT_JMP_NON_CALL_RET.TAKEN,r8488:u,0.138482449583,197,201,201,198,200,199,198,199,199,201,202,202,201,200,198,202,198,201,200,198,201,200,201,201,199,199,199,201,199,203,197,201,199,203,198,202,201,201,200,198,203,202,200,200,202,203,199,199,202,198,201,195,203,202,202,202,200,201,203,201,203,199,204,198,200,203,203,199,202,199,199,201,203,200,197,201,197,201,202,199,199,200,199,199,196,198,201,203,199,199,202,202,203,200,198,199,198,199,201,200
BR_INST_EXEC.RETURN_NEAR.TAKEN,r8888:u,-0.0231952755531,853,837,831,830,848,835,832,826,848,836,848,828,842,831,834,825,851,832,831,843,842,846,818,838,837,832,826,842,844,842,829,847,846,829,846,841,841,841,829,826,848,821,842,841,848,845,842,843,834,847,829,849,835,836,833,839,837,835,837,832,827,849,837,847,824,824,853,832,837,845,824,834,834,828,832,843,827,829,842,818,840,854,832,846,819,835,860,834,829,855,837,835,841,848,833,840,851,835,837,836
BR_INST_EXEC.DIRECT_NEAR_CALL.TAKEN,r9088:u,-0.0163745790994,838,798,800,799,825,803,799,791,830,799,833,791,814,794,804,786,831,800,793,819,812,819,770,802,806,800,793,817,822,817,785,828,824,791,827,815,810,806,791,783,830,777,820,815,832,830,819,816,802,830,792,834,798,801,798,806,803,805,811,796,786,836,807,830,783,779,844,793,809,820,784,799,799,795,799,825,789,791,814,765,812,840,794,833,767,806,854,798,786,836,807,806,815,824,793,814,838,800,807,804
BR_INST_EXEC.INDIRECT_NEAR_CALL.TAKEN,ra088:u,0.0317180718545,160,155,157,156,159,156,155,154,159,156,160,155,158,152,157,155,159,157,156,159,158,159,153,158,156,155,156,160,159,159,155,160,160,157,158,159,158,158,155,154,160,153,158,158,160,159,159,159,157,159,156,159,158,158,157,156,157,157,158,158,156,160,157,159,155,155,160,156,155,159,155,157,156,156,155,159,154,156,157,154,158,160,155,160,154,159,162,159,157,163,157,157,157,159,157,159,160,156,158,156
BR_INST_EXEC.ALL_BRANCHES,rff88:u,-0.0139938134815,83581,83323,83264,83241,83460,83305,83253,83248,83508,83248,83535,83205,83371,83236,83311,83176,83468,83338,83237,83435,83395,83454,83120,83278,83336,83285,83236,83396,83448,83424,83182,83492,83463,83221,83473,83396,83390,83381,83242,83208,83488,83108,83440,83403,83504,83495,83422,83416,83282,83483,83222,83509,83321,83298,83295,83352,83322,83331,83373,83273,83192,83507,83356,83494,83178,83148,83567,83284,83342,83428,83187,83278,83277,83266,83289,83439,83204,83208,83356,83079,83363,83559,83308,83511,83068,83335,83661,83278,83219,83565,83363,83346,83383,83463,83260,83393,83556,83309,83318,83354
BR_MISP_EXEC.COND.NOTAKEN,r4189:u,-0.129882982676,231,292,241,223,212,210,244,221,192,301,250,265,282,283,204,223,232,216,201,283,231,229,281,188,234,235,343,269,313,208,267,230,224,309,198,188,247,227,277,255,229,245,252,260,257,212,245,208,266,238,196,305,241,208,222,187,253,225,277,229,198,237,260,195,198,236,224,283,293,210,236,220,232,243,241,177,301,152,242,263,242,247,245,230,205,244,260,271,260,258,215,226,292,229,218,230,258,260,189,220
BR_MISP_EXEC.COND.TAKEN,r8189:u,-0.136238956702,267,362,285,238,239,242,302,250,210,369,288,327,349,367,224,257,261,255,226,345,265,248,349,206,285,273,461,331,410,233,305,263,273,378,211,207,287,268,351,296,271,296,308,311,301,226,293,240,328,293,219,396,264,226,248,203,319,251,332,269,223,277,294,213,222,273,246,357,365,234,305,255,271,287,285,186,373,155,277,330,292,301,303,283,219,290,308,322,318,327,228,255,374,261,249,272,317,310,201,245
BR_MISP_EXEC.INDIRECT_JMP_NON_CALL_RET.TAKEN,r8489:u,-0.14932515286,11,16,12,10,9,10,14,10,7,16,12,13,14,17,8,13,12,10,10,15,10,10,15,10,10,11,22,14,19,10,13,12,12,17,9,8,12,11,16,11,12,12,14,14,13,11,12,11,15,13,8,17,11,8,9,9,14,11,14,11,9,12,14,8,8,11,9,17,17,10,15,11,12,12,12,7,16,5,12,15,12,12,14,12,9,12,13,15,14,14,10,10,16,11,9,11,14,13,7,10
BR_MISP_EXEC.RETURN_NEAR.TAKEN,r8889:u,-0.0504172714048,9,9,8,8,8,8,9,8,8,9,8,9,9,9,8,8,8,8,8,9,9,9,9,8,9,8,9,9,9,8,9,9,9,9,8,8,9,8,9,9,8,9,9,9,9,8,9,8,9,9,9,9,9,8,9,8,9,8,9,8,8,9,8,8,8,8,8,9,9,8,9,8,8,9,8,8,9,8,8,8,8,9,9,9,9,9,9,9,9,9,8,9,9,8,8,9,9,9,8,8
BR_MISP_EXEC.DIRECT_NEAR_CALL.TAKEN,r9089:u,nan,0,0,0,0,0,0,0,0,0,0,0,0,0,0,0,0,0,0,0,0,0,0,0,0,0,0,0,0,0,0,0,0,0,0,0,0,0,0,0,0,0,0,0,0,0,0,0,0,0,0,0,0,0,0,0,0,0,0,0,0,0,0,0,0,0,0,0,0,0,0,0,0,0,0,0,0,0,0,0,0,0,0,0,0,0,0,0,0,0,0,0,0,0,0,0,0,0,0,0,0
BR_MISP_EXEC.INDIRECT_NEAR_CALL.TAKEN,ra089:u,0.256718324051,10,8,7,11,5,4,7,5,7,7,5,5,3,8,6,5,7,7,8,5,6,8,7,8,8,4,9,10,7,7,8,10,5,5,6,5,5,6,5,7,6,5,10,13,6,12,3,6,7,10,9,9,10,10,8,13,7,8,8,6,5,6,6,8,8,7,9,7,6,5,6,4,6,9,6,7,6,3,6,6,5,9,8,6,5,7,6,8,7,11,6,8,6,8,5,5,9,6,4,8
BR_MISP_EXEC.ALL_BRANCHES,rff89:u,0.180795784776,681,613,617,728,491,436,590,455,528,539,466,439,393,619,481,440,572,520,587,486,506,612,533,613,572,396,651,716,576,550,614,712,497,488,491,383,453,457,500,574,514,458,665,823,530,772,400,534,543,631,632,633,689,645,567,816,587,572,590,491,457,426,533,607,606,539,584,565,533,475,532,430,485,700,497,577,511,345,534,543,487,708,598,537,413,553,530,618,575,734,478,595,485,596,472,465,656,515,399,621
IDQ_UOPS_NOT_DELIVERED.CORE,r019c:u,0.185482139909,183806,181629,183671,185771,178823,176931,181301,178019,180680,180233,178698,177009,176505,183487,177647,177541,182200,180003,181030,178210,179236,182859,179734,182126,181930,174291,183139,185505,180998,180307,181934,185851,178611,178644,177907,175732,177643,177149,178163,182181,179411,179105,183536,188045,179987,186691,176339,180328,181058,182575,182671,182423,184768,183150,180709,189494,182168,181854,181616,178805,177227,177474,180593,182388,181682,179842,181074,181535,179721,177930,180374,176186,178850,186332,178909,181647,180537,174705,179687,179492,178654,185953,181682,179876,176379,180621,180438,182348,181494,185781,176280,181501,178227,181431,177890,177088,183555,179780,176772,182708
UOPS_EXECUTED_PORT.PORT_0,r01a1:u,-0.998757079731,238782,238210,238338,238958,238246,238774,239493,239065,239080,239634,239288,238781,238475,237418,239339,239092,238214,239086,238811,239366,239023,238924,238383,239368,238857,238148,239434,238922,238657,238824,238400,238834,238755,239206,238675,238405,239554,239522,239309,239283,238681,238357,238152,239186,239001,238827,238289,238814,239236,106125,105728,105377,106760,106619,106522,106010,107976,106630,105632,107369,107070,106327,106696,106412,106935,239436,238953,238353,239296,239198,238863,238525,237555,238770,238929,238076,239068,239134,236518,238669,238766,238991,237483,239223,239385,238433,239077,239260,239371,239197,239239,239229,238756,238529,239353,237679,238785,239023,238569,238432
UOPS_EXECUTED_PORT.PORT_1,r02a1:u,-0.99886851364,247154,246504,246655,247235,246575,247038,247757,247340,247319,247820,247543,247124,246636,245690,247685,247398,246521,247360,247016,247562,247260,247093,246664,247484,247097,246486,247604,247169,246950,247103,246712,247232,247004,247497,246957,246695,247810,247815,247530,247551,247039,246698,246317,247550,247221,247041,246600,247072,247302,98623,98736,98767,98364,98524,98805,99094,98683,98712,98433,99077,98572,98611,98294,98707,98330,247632,247192,246496,247583,247568,247072,246851,245954,247109,247244,246336,247280,247402,244831,246946,247069,247376,245859,247317,247582,246569,247312,247533,247576,247419,247502,247522,247039,246824,247587,246008,247023,247205,246880,246879
UOPS_EXECUTED_PORT.PORT_2,r04a1:u,0.995814514248,335551,335894,335066,335430,335901,335136,335359,335648,335445,335383,334642,335797,335787,335740,335628,335641,335480,335660,335381,335074,335187,335335,335559,335150,335301,335703,335384,335432,335471,335746,335716,335935,335680,336093,335348,335827,335388,335591,335336,335364,335566,335685,335597,335579,335275,335418,335389,335635,335162,344467,344414,344449,344852,344243,344880,344408,344932,344358,344492,344220,344191,344504,344668,344531,344118,335686,335217,335354,335368,335881,335416,335579,335947,335291,335042,335377,335589,335419,335501,335571,335550,335653,335857,335685,334837,335579,335191,335677,335099,335049,335322,335521,335594,335893,335470,335530,335324,335253,335103,335682
UOPS_EXECUTED_PORT.PORT_3,r08a1:u,-0.978040469433,357540,357804,356993,357403,357795,357075,357344,357625,357402,357403,356640,357754,357709,357569,357645,357610,357384,357622,357320,357073,357156,357302,357499,357137,357230,357600,357368,357409,357401,357701,357619,357865,357635,358061,357293,357757,357397,357605,357314,357360,357547,357605,357515,357560,357240,357360,357298,357586,357154,354380,354415,354352,354694,354187,354697,354162,354483,354109,354395,354090,353925,354482,354174,354505,353900,357661,357160,357249,357346,357838,357367,357474,357789,357256,356994,357266,357532,357378,357254,357486,357475,357633,357673,357654,356854,357486,357197,357667,357111,357050,357319,357521,357553,357824,357501,357402,357281,357257,357042,357580
UOPS_EXECUTED_PORT.PORT_4,r10a1:u,-0.995703596298,280527,280455,280270,280674,280693,280265,280102,280425,280234,280459,280249,280176,280426,280312,280264,280472,280335,280109,280696,280386,280272,280432,280505,280204,280650,280355,280466,280264,280479,280475,280351,280374,280492,280355,280382,280242,280430,280280,280305,280629,280552,280377,280513,280575,280414,280484,280205,280589,280330,276251,276189,275957,276414,276004,276208,276170,275956,276128,276069,276026,276198,276046,276097,276045,276155,280387,280372,280402,280531,280403,280490,280446,280791,280169,280122,280350,280682,280281,280470,280492,280402,280513,280306,280480,280421,280472,280573,280500,280408,280553,280556,280452,280591,280413,280629,280406,280384,280471,280561,280563
UOPS_EXECUTED_PORT.PORT_5,r20a1:u,-0.998956858377,250322,249099,249899,250120,249782,250169,248202,249612,248436,249443,250058,249823,250231,249351,248541,249157,250421,250029,249444,250084,249946,249524,250453,250164,249543,249574,250342,249879,250178,249900,249679,250077,250082,250008,249955,250229,249602,250087,249921,248319,249839,250028,250262,250393,249466,250009,249173,250313,250172,122039,121460,121256,121414,121514,121270,121497,121652,121364,122040,121988,121661,121859,121655,121998,121788,250216,250011,250398,250628,250427,250423,250433,250070,250264,250121,250302,250300,250157,249903,250545,250202,250048,250124,249829,249815,250202,249209,250226,249837,250403,250290,250225,249643,250503,250256,250523,249715,250254,250437,250189
UOPS_EXECUTED_PORT.PORT_6,r40a1:u,-0.998681490923,233357,234249,232986,234167,234439,232972,234554,233710,234267,234060,232844,233778,233791,234034,234171,234376,232671,233320,235158,233198,233188,233790,233046,232823,234477,234056,233628,233424,234154,233984,234006,233157,233504,233209,233248,233435,234083,233824,233026,235723,233884,233092,233403,233390,234160,233561,234264,234025,232942,179206,178712,178016,180213,178396,179107,179061,178588,178765,182137,179011,178843,181099,179133,178925,180444,233609,233268,233272,233058,233098,233040,233193,234362,232663,232753,233030,234070,233156,233688,233267,232854,233511,232715,233799,233681,233191,234442,233699,233822,233246,233425,233015,234162,232706,233670,232702,233442,233935,233557,234125
UOPS_EXECUTED_PORT.PORT_7,r80a1:u,-0.991034639943,137462,137944,137371,137693,137870,137121,137864,137654,137987,137830,137306,137137,137349,137516,137931,137919,137179,136990,137926,137434,137345,137676,137355,137173,137947,137572,137299,137279,137339,137532,137488,137419,137549,137393,137495,137097,137663,137279,137406,138492,137738,137449,137506,137524,137717,137566,137568,137478,137361,131525,131734,131358,131640,131503,131661,131611,131352,131405,130484,131411,131418,130816,131408,131542,131006,137300,137436,137178,137322,137265,137373,137324,137844,137087,137033,137273,137595,137108,137576,137339,137338,137548,137274,137582,137504,137376,137963,137334,137475,137389,137477,137372,137831,137203,137564,137199,137514,137428,137448,137468
RESOURCE_STALLS.ANY,r01a2:u,0.998582438059,275117,274425,272891,274505,274754,272358,273207,275351,273137,274439,274177,273991,273578,274608,274058,272165,274686,273767,274331,274431,275026,273844,273101,274580,274773,274478,274663,273108,274501,273964,274022,273854,272757,273970,275022,275210,274744,274489,272973,272693,274740,274816,274871,274850,271146,274290,274647,274611,274014,412185,405726,405733,412247,412098,405819,412107,405570,412351,405617,405479,405849,405704,418598,412084,405563,273489,274369,274639,271986,272079,274464,274038,274110,275005,274625,274729,273281,274405,274513,274748,273726,271117,274498,274655,275244,274695,274457,275007,273669,273294,272845,273251,272230,273869,273762,274354,275226,273518,272341,272449
RESOURCE_STALLS.RS,r04a2:u,-0.998963674679,272957,272283,270822,272443,272648,270285,271127,273238,271021,272338,272062,271897,271406,272468,271942,270046,272597,271668,272256,272353,272910,271729,270979,272523,272707,272428,272559,271006,272351,271879,271975,271727,270644,271883,272869,273150,272633,272378,270880,270624,272618,272700,272833,272780,269051,272236,272547,272530,271923,135182,135408,135931,134693,134786,136775,133662,134727,134827,136724,134843,134239,138153,134292,134051,135748,271384,272335,272571,269863,269941,272407,271924,271975,272822,272530,272558,271213,272325,272371,272600,271601,268946,272427,272499,273086,272539,272360,272889,271530,271133,270754,271151,270085,271786,271656,272166,273082,271392,270251,270344
RESOURCE_STALLS.SB,r08a2:u,0.0188082170878,544,529,514,547,531,519,532,554,550,530,545,538,554,533,554,522,520,530,546,526,554,525,532,523,546,521,550,511,531,505,507,540,513,541,559,534,528,546,515,518,551,556,532,542,524,511,521,523,533,516,527,528,535,533,557,543,531,537,547,536,563,553,530,507,530,531,517,542,515,528,524,553,549,566,536,533,526,533,542,575,528,539,547,542,560,538,552,522,541,543,525,538,539,522,546,547,537,545,514,534
RESOURCE_STALLS.ROB,r10a2:u,-0.242281477884,58,48,49,44,59,35,38,52,49,51,64,57,45,50,43,44,40,45,39,38,45,53,42,40,44,44,43,37,52,42,39,43,47,47,46,36,46,51,47,38,51,48,37,44,34,43,45,51,38,46,44,44,44,39,42,38,46,41,39,41,52,31,23,45,44,48,44,40,40,34,48,49,41,59,37,58,50,43,45,49,42,43,47,49,47,42,38,48,41,54,44,46,42,48,45,43,55,57,35,36
CYCLE_ACTIVITY.CYCLES_L2_PENDING,r01a3:u,-0.114986643131,14552,13983,13901,14807,14165,14734,14129,13970,14982,14080,13543,13607,14096,14435,13664,14639,14340,14238,14180,14635,14133,14154,14105,13821,14350,14040,14392,14044,14353,14551,14247,14312,14348,13710,14733,14040,14338,14211,14590,14671,13893,14023,14478,14656,14227,14553,14710,14322,14389,14084,13745,14527,13681,13955,13452,14274,14419,13996,14601,13666,13990,14584,14135,14592,14350,14132,14467,14170,13507,14308,14116,14384,14244,14727,14674,14319,13848,14197,14042,14153,14172,13641,13709,14160,14390,14152,14236,14191,14266,14703,13784,14319,14467,13832,14200,14347,14169,14075,14198,13540
CYCLE_ACTIVITY.CYCLES_LDM_PENDING,r02a3:u,0.998618840476,1176612,1175842,1167830,1176248,1173036,1171113,1173097,1175228,1173458,1172121,1169249,1166781,1173166,1173470,1171691,1170741,1175259,1171180,1173093,1175331,1176485,1173550,1174727,1175112,1174110,1174686,1172352,1175330,1172546,1173287,1174532,1173159,1172838,1172374,1173189,1173095,1173972,1177239,1173891,1173540,1171433,1174549,1175913,1173467,1174536,1173956,1176633,1172709,1169787,1437210,1448547,1454496,1435130,1436386,1434751,1436652,1449993,1451149,1441192,1435595,1436911,1450438,1465533,1438660,1440289,1172629,1174424,1173894,1171857,1173631,1172687,1173724,1174543,1175139,1174296,1173134,1173180,1172710,1172392,1171674,1172559,1172246,1173309,1175450,1175411,1174918,1175264,1171973,1174962,1177003,1173271,1175537,1174169,1173346,1173441,1173700,1169696,1170998,1173712,1171911
CYCLE_ACTIVITY.STALLS_L2_PENDING,r05a3:u,0.841261809569,460295,458733,450782,462925,459836,457680,454982,451876,457502,454121,450182,449401,448071,454277,448830,457539,459714,455899,453195,462130,460950,460808,455872,457203,452819,453447,454715,453346,453884,453638,456640,453325,462613,447761,452190,456265,460647,463060,454161,461417,450895,453375,458350,457448,453593,461407,458057,449859,457441,473966,490119,503950,469423,472528,466378,474604,497262,498428,483966,469845,471484,496672,519866,476557,484629,454966,459865,455964,449943,456921,448501,453148,458467,456703,454309,452742,451698,456783,452897,450744,451301,448232,449589,457352,456827,454675,457827,448248,454324,466359,449414,459046,455010,450280,451332,453741,450058,455303,454852,448202
CYCLE_ACTIVITY.CYCLES_L1D_PENDING,r08a3:u,nan,0,0,0,0,0,0,0,0,0,0,0,0,0,0,0,0,0,0,0,0,0,0,0,0,0,0,0,0,0,0,0,0,0,0,0,0,0,0,0,0,0,0,0,0,0,0,0,0,0,0,0,0,0,0,0,0,0,0,0,0,0,0,0,0,0,0,0,0,0,0,0,0,0,0,0,0,0,0,0,0,0,0,0,0,0,0,0,0,0,0,0,0,0,0,0,0,0,0,0,0
LSD.UOPS,r01a8:u,-0.741867327405,1059140,1059172,1059161,1059159,1059144,1059134,1059170,1059132,1059171,1059153,1059155,1059146,1059148,1059137,1059175,1059147,1059166,1059152,1059120,1059130,1059150,1059122,1059171,1059147,1059148,1059140,1059121,1059169,1059130,1059158,1059158,1059187,1059152,1059165,1059135,1059145,1059147,1059161,1059140,1059142,1059126,1059155,1059117,1059164,1059133,1059146,1059171,1059134,1059154,1059104,1059114,1059103,1059111,1059110,1059099,1059089,1059111,1059114,1059103,1059116,1059131,1059116,1059115,1059102,1059116,1059152,1059139,1059160,1059167,1059162,1059175,1059140,1059156,1059159,1059155,1059158,1059175,1059163,1059146,1059151,1059136,1059146,1059167,1059136,1059166,1059145,1059166,1059132,1059142,1059153,1059152,1059162,1059152,1059149,1059162,1059166,1059147,1059163,1059156,1059153
ITLB.ITLB_FLUSH,r01ae:u,nan,42,42,42,42,42,42,42,42,42,42,42,42,42,42,42,42,42,42,42,42,42,42,42,42,42,42,42,42,42,42,42,42,42,42,42,42,42,42,42,42,42,42,42,42,42,42,42,42,42,42,42,42,42,42,42,42,42,42,42,42,42,42,42,42,42,42,42,42,42,42,42,42,42,42,42,42,42,42,42,42,42,42,42,42,42,42,42,42,42,42,42,42,42,42,42,42,42,42,42,42
OFFCORE_REQUESTS.DEMAND_DATA_RD,r01b0:u,-0.0390877505965,840,852,836,833,842,837,833,842,851,843,840,848,841,838,830,832,839,838,837,838,842,841,835,842,836,839,841,841,839,826,837,851,836,837,845,840,835,833,830,840,835,834,834,838,842,844,837,834,830,830,845,840,839,849,842,845,834,842,842,829,836,832,828,828,834,848,841,836,843,839,819,839,837,850,844,829,836,847,835,822,836,840,839,832,843,836,831,836,831,841,830,827,841,845,838,839,844,842,824,838
OFFCORE_REQUESTS.DEMAND_CODE_RD,r02b0:u,0.132617357209,1102,1146,1109,1121,1116,1102,1083,1108,1142,1123,1095,1121,1121,1121,1080,1105,1111,1127,1101,1083,1132,1106,1109,1102,1116,1111,1134,1105,1113,1078,1113,1148,1098,1120,1154,1126,1120,1098,1113,1104,1112,1100,1119,1113,1120,1127,1098,1103,1089,1100,1147,1115,1118,1152,1114,1132,1110,1136,1143,1110,1109,1087,1095,1124,1103,1109,1132,1120,1135,1109,1074,1133,1101,1163,1122,1092,1101,1129,1100,1095,1101,1144,1125,1106,1100,1100,1099,1095,1097,1114,1085,1092,1121,1106,1110,1121,1124,1138,1074,1131
OFFCORE_REQUESTS.DEMAND_RFO,r04b0:u,0.585557129588,128,126,123,124,125,123,123,123,125,123,124,123,124,123,125,124,125,127,122,123,123,123,125,124,122,124,123,123,123,123,125,123,124,124,127,125,126,125,126,125,126,124,125,124,127,124,127,127,125,127,126,128,126,128,126,129,127,128,125,126,125,128,128,127,125,122,123,123,122,124,124,125,124,123,125,121,124,124,123,126,124,122,123,124,126,124,124,123,121,124,123,123,125,127,123,123,124,124,124,124
OFFCORE_REQUESTS.ALL_DATA_RD,r08b0:u,0.0927685180099,1532,1516,1533,1536,1525,1527,1526,1524,1525,1540,1521,1542,1523,1528,1538,1520,1539,1533,1533,1530,1540,1538,1525,1538,1530,1531,1536,1548,1540,1528,1524,1536,1546,1542,1531,1536,1537,1539,1535,1540,1525,1533,1527,1534,1524,1530,1523,1536,1534,1546,1530,1542,1537,1523,1544,1537,1531,1525,1528,1535,1528,1541,1521,1535,1530,1525,1528,1522,1522,1522,1522,1525,1531,1522,1536,1540,1532,1534,1535,1525,1537,1533,1533,1540,1518,1531,1523,1530,1536,1545,1522,1533,1536,1532,1534,1525,1535,1533,1540,1530
UOPS_EXECUTED.CORE,r02b1:u,-0.0655796223097,1596770,1594099,1597848,1597531,1593288,1595891,1596532,1595673,1595637,1598727,1594532,1597702,1594612,1596178,1597590,1594324,1597866,1596107,1597568,1596580,1599826,1598093,1595958,1598744,1595610,1595010,1598542,1600313,1598333,1595496,1595078,1596003,1599087,1598623,1598217,1597780,1597795,1597672,1597156,1598014,1595138,1595689,1594990,1597491,1597217,1596417,1596222,1598867,1598275,1598175,1594588,1598766,1597914,1594366,1597861,1596987,1596190,1596173,1595364,1597128,1593693,1598975,1595458,1596298,1596418,1598169,1595473,1594809,1594381,1596693,1596331,1596590,1595312,1596018,1597661,1597843,1596571,1598251,1596471,1594591,1599780,1598357,1596375,1599487,1594843,1595649,1595708,1598168,1596506,1599378,1592397,1598545,1597365,1596795,1596577,1595117,1597423,1597012,1599225,1594845
PAGE_WALKER_LOADS.DTLB_L1,r11bc:u,-0.116381118071,551,550,548,546,548,546,546,546,548,546,543,547,548,547,546,545,547,551,551,550,553,554,552,551,550,553,550,552,551,553,551,552,552,549,550,546,549,548,553,549,548,547,547,548,550,551,550,550,547,550,550,547,549,549,546,546,548,548,546,548,546,551,547,551,547,549,549,548,546,548,549,548,549,547,547,548,550,550,549,546,550,550,548,549,548,547,546,548,547,551,545,551,547,549,548,547,548,549,548,548
PAGE_WALKER_LOADS.ITLB_L1,r21bc:u,-0.0712317095597,286,284,287,288,282,288,290,290,287,294,287,286,288,288,281,287,289,288,290,288,286,288,288,287,288,286,286,286,289,289,289,287,291,284,285,289,289,285,290,290,286,287,287,285,289,287,289,285,285,288,285,287,282,287,289,286,291,289,289,286,284,289,289,284,286,284,292,289,289,288,285,285,288,286,284,289,285,288,291,289,287,287,288,287,288,287,284,289,289,284,287,286,290,285,291,289,286,291,286,289
PAGE_WALKER_LOADS.DTLB_L2,r12bc:u,-0.144523857798,36,36,35,34,34,34,35,36,35,35,35,36,34,36,35,34,33,34,33,35,34,34,36,34,35,34,34,34,34,34,36,35,35,33,33,35,34,33,34,35,35,34,35,35,34,35,35,33,34,32,33,34,34,35,35,34,34,34,34,35,34,34,32,35,34,36,33,34,35,34,34,36,33,34,34,34,32,33,34,35,35,34,33,34,34,33,36,34,35,35,33,34,34,34,33,33,35,34,33,34
PAGE_WALKER_LOADS.ITLB_L2,r22bc:u,0.0237673706668,12,13,13,13,12,12,13,11,12,12,12,12,13,12,12,12,12,12,12,12,13,12,12,12,12,13,11,14,12,14,12,12,12,14,13,14,12,12,12,12,12,13,12,12,12,12,12,12,12,12,13,12,13,12,13,12,13,13,11,12,14,13,12,12,12,13,12,13,12,13,12,12,12,13,15,12,13,12,13,12,12,12,12,12,13,13,15,14,13,12,12,13,12,12,11,12,12,12,13,13
PAGE_WALKER_LOADS.DTLB_L3,r14bc:u,0.136765691396,25,25,24,25,25,25,26,24,26,26,25,25,26,24,24,25,26,26,26,24,25,25,24,25,24,26,24,25,26,25,24,24,25,26,25,25,24,25,25,25,24,26,24,23,25,24,25,25,26,27,25,25,26,25,25,25,25,25,25,24,26,25,25,25,26,25,25,25,23,25,25,24,26,25,25,26,26,26,25,25,25,25,25,25,25,26,24,25,25,24,25,25,25,26,25,25,25,25,25,26
PAGE_WALKER_LOADS.ITLB_L3,r24bc:u,-0.0302458202964,12,13,13,13,13,13,12,13,13,13,13,13,12,13,12,12,13,12,12,13,13,12,13,13,12,12,13,13,12,13,13,13,13,13,13,13,13,13,12,13,12,14,12,12,12,13,13,14,13,13,12,13,13,13,13,12,13,13,13,13,12,13,12,12,12,13,13,13,12,13,13,12,12,12,13,12,13,13,13,13,12,12,12,12,13,13,12,13,13,13,12,13,12,13,13,13,13,13,12,12
PAGE_WALKER_LOADS.DTLB_MEMORY,r18bc:u,nan,0,0,0,0,0,0,0,0,0,0,0,0,0,0,0,0,0,0,0,0,0,0,0,0,0,0,0,0,0,0,0,0,0,0,0,0,0,0,0,0,0,0,0,0,0,0,0,0,0,0,0,0,0,0,0,0,0,0,0,0,0,0,0,0,0,0,0,0,0,0,0,0,0,0,0,0,0,0,0,0,0,0,0,0,0,0,0,0,0,0,0,0,0,0,0,0,0,0,0,0
PAGE_WALKER_LOADS.ITLB_MEMORY,r28bc:u,nan,0,0,0,0,0,0,0,0,0,0,0,0,0,0,0,0,0,0,0,0,0,0,0,0,0,0,0,0,0,0,0,0,0,0,0,0,0,0,0,0,0,0,0,0,0,0,0,0,0,0,0,0,0,0,0,0,0,0,0,0,0,0,0,0,0,0,0,0,0,0,0,0,0,0,0,0,0,0,0,0,0,0,0,0,0,0,0,0,0,0,0,0,0,0,0,0,0,0,0,0
TLB_FLUSH.DTLB_THREAD,r01bd:u,nan,0,0,0,0,0,0,0,0,0,0,0,0,0,0,0,0,0,0,0,0,0,0,0,0,0,0,0,0,0,0,0,0,0,0,0,0,0,0,0,0,0,0,0,0,0,0,0,0,0,0,0,0,0,0,0,0,0,0,0,0,0,0,0,0,0,0,0,0,0,0,0,0,0,0,0,0,0,0,0,0,0,0,0,0,0,0,0,0,0,0,0,0,0,0,0,0,0,0,0,0
TLB_FLUSH.STLB_ANY,r20bd:u,nan,117,117,117,117,117,117,117,117,117,117,117,117,117,117,117,117,117,117,117,117,117,117,117,117,117,117,117,117,117,117,117,117,117,117,117,117,117,117,117,117,117,117,117,117,117,117,117,117,117,117,117,117,117,117,117,117,117,117,117,117,117,117,117,117,117,117,117,117,117,117,117,117,117,117,117,117,117,117,117,117,117,117,117,117,117,117,117,117,117,117,117,117,117,117,117,117,117,117,117,117
INST_RETIRED.ANY_P,instructions:u,0.00290977873591,1072430,1072440,1072440,1072440,1072447,1072447,1072447,1072447,1072447,1072430,1072430,1072430,1072430,1072430,1072430,1072430,1072430,1072440,1072440,1072440,1072447,1072447,1072447,1072447,1072447,1072430,1072430,1072430,1072430,1072430,1072430,1072430,1072430,1072440,1072440,1072440,1072447,1072447,1072447,1072447,1072447,1072430,1072430,1072430,1072430,1072430,1072430,1072430,1072430,1072440,1072440,1072440,1072447,1072447,1072447,1072447,1072447,1072430,1072430,1072430,1072430,1072430,1072430,1072430,1072430,1072440,1072440,1072440,1072447,1072447,1072447,1072447,1072447,1072430,1072430,1072430,1072430,1072430,1072430,1072430,1072430,1072440,1072440,1072440,1072447,1072447,1072447,1072447,1072447,1072430,1072430,1072430,1072430,1072430,1072430,1072430,1072430,1072440,1072440,1072440
INST_RETIRED.ALL,r01c0:u,0.00290977873591,1072430,1072440,1072440,1072440,1072447,1072447,1072447,1072447,1072447,1072430,1072430,1072430,1072430,1072430,1072430,1072430,1072430,1072440,1072440,1072440,1072447,1072447,1072447,1072447,1072447,1072430,1072430,1072430,1072430,1072430,1072430,1072430,1072430,1072440,1072440,1072440,1072447,1072447,1072447,1072447,1072447,1072430,1072430,1072430,1072430,1072430,1072430,1072430,1072430,1072440,1072440,1072440,1072447,1072447,1072447,1072447,1072447,1072430,1072430,1072430,1072430,1072430,1072430,1072430,1072430,1072440,1072440,1072440,1072447,1072447,1072447,1072447,1072447,1072430,1072430,1072430,1072430,1072430,1072430,1072430,1072430,1072440,1072440,1072440,1072447,1072447,1072447,1072447,1072447,1072430,1072430,1072430,1072430,1072430,1072430,1072430,1072430,1072440,1072440,1072440
OTHER_ASSISTS.AVX_TO_SSE,r08c1:u,nan,0,0,0,0,0,0,0,0,0,0,0,0,0,0,0,0,0,0,0,0,0,0,0,0,0,0,0,0,0,0,0,0,0,0,0,0,0,0,0,0,0,0,0,0,0,0,0,0,0,0,0,0,0,0,0,0,0,0,0,0,0,0,0,0,0,0,0,0,0,0,0,0,0,0,0,0,0,0,0,0,0,0,0,0,0,0,0,0,0,0,0,0,0,0,0,0,0,0,0,0
OTHER_ASSISTS.SSE_TO_AVX,r10c1:u,nan,0,0,0,0,0,0,0,0,0,0,0,0,0,0,0,0,0,0,0,0,0,0,0,0,0,0,0,0,0,0,0,0,0,0,0,0,0,0,0,0,0,0,0,0,0,0,0,0,0,0,0,0,0,0,0,0,0,0,0,0,0,0,0,0,0,0,0,0,0,0,0,0,0,0,0,0,0,0,0,0,0,0,0,0,0,0,0,0,0,0,0,0,0,0,0,0,0,0,0,0
OTHER_ASSISTS.ANY_WB_ASSIST,r40c1:u,nan,117,117,117,117,117,117,117,117,117,117,117,117,117,117,117,117,117,117,117,117,117,117,117,117,117,117,117,117,117,117,117,117,117,117,117,117,117,117,117,117,117,117,117,117,117,117,117,117,117,117,117,117,117,117,117,117,117,117,117,117,117,117,117,117,117,117,117,117,117,117,117,117,117,117,117,117,117,117,117,117,117,117,117,117,117,117,117,117,117,117,117,117,117,117,117,117,117,117,117,117
UOPS_RETIRED.ALL,r01c2:u,-0.0510652798092,1581235,1581245,1581255,1581247,1581254,1581270,1581265,1581269,1581256,1581242,1581231,1581266,1581235,1581247,1581233,1581233,1581249,1581262,1581258,1581246,1581272,1581253,1581265,1581272,1581257,1581242,1581243,1581253,1581274,1581244,1581266,1581258,1581264,1581261,1581243,1581247,1581255,1581256,1581274,1581276,1581249,1581255,1581233,1581255,1581233,1581236,1581247,1581241,1581245,1581253,1581274,1581256,1581258,1581266,1581250,1581258,1581266,1581238,1581238,1581241,1581244,1581251,1581249,1581239,1581244,1581240,1581266,1581258,1581271,1581262,1581282,1581280,1581249,1581237,1581250,1581231,1581233,1581246,1581268,1581238,1581244,1581247,1581251,1581242,1581259,1581271,1581254,1581262,1581257,1581253,1581247,1581283,1581262,1581253,1581242,1581254,1581262,1581255,1581260,1581262
UOPS_RETIRED.RETIRE_SLOTS,r02c2:u,-0.0463657606938,1169095,1169105,1169114,1169107,1169113,1169130,1169124,1169128,1169116,1169102,1169091,1169125,1169095,1169107,1169093,1169093,1169108,1169122,1169117,1169106,1169131,1169113,1169124,1169132,1169117,1169102,1169103,1169112,1169133,1169103,1169125,1169117,1169123,1169120,1169103,1169106,1169115,1169116,1169133,1169135,1169109,1169114,1169093,1169114,1169093,1169096,1169107,1169100,1169104,1169113,1169134,1169115,1169118,1169126,1169109,1169118,1169125,1169098,1169098,1169100,1169104,1169111,1169109,1169099,1169104,1169100,1169125,1169117,1169131,1169122,1169141,1169139,1169109,1169097,1169109,1169091,1169093,1169106,1169128,1169098,1169104,1169106,1169110,1169102,1169119,1169130,1169114,1169122,1169116,1169112,1169106,1169142,1169121,1169113,1169102,1169113,1169122,1169115,1169120,1169122
MACHINE_CLEARS.MEMORY_ORDERING,r02c3:u,-0.0324747601918,1,1,2,2,1,1,1,1,1,1,1,1,1,1,1,1,1,2,1,1,1,1,1,1,1,1,1,1,1,1,1,1,1,1,1,1,2,1,1,1,1,1,1,1,1,1,1,1,1,1,1,1,1,1,1,1,1,1,1,1,1,1,1,1,2,1,1,1,1,1,1,1,1,1,2,1,1,1,1,2,1,1,1,1,1,1,1,1,1,1,2,1,1,1,1,1,1,1,1,1
MACHINE_CLEARS.SMC,r04c3:u,nan,0,0,0,0,0,0,0,0,0,0,0,0,0,0,0,0,0,0,0,0,0,0,0,0,0,0,0,0,0,0,0,0,0,0,0,0,0,0,0,0,0,0,0,0,0,0,0,0,0,0,0,0,0,0,0,0,0,0,0,0,0,0,0,0,0,0,0,0,0,0,0,0,0,0,0,0,0,0,0,0,0,0,0,0,0,0,0,0,0,0,0,0,0,0,0,0,0,0,0,0
MACHINE_CLEARS.MASKMOV,r20c3:u,nan,0,0,0,0,0,0,0,0,0,0,0,0,0,0,0,0,0,0,0,0,0,0,0,0,0,0,0,0,0,0,0,0,0,0,0,0,0,0,0,0,0,0,0,0,0,0,0,0,0,0,0,0,0,0,0,0,0,0,0,0,0,0,0,0,0,0,0,0,0,0,0,0,0,0,0,0,0,0,0,0,0,0,0,0,0,0,0,0,0,0,0,0,0,0,0,0,0,0,0,0
BR_INST_RETIRED.ALL_BRANCHES,branch-instructions:u,0.0126901116144,83692,83693,83693,83693,83696,83696,83696,83696,83696,83692,83692,83692,83692,83692,83692,83692,83692,83693,83693,83693,83696,83696,83696,83696,83696,83692,83692,83692,83692,83692,83692,83692,83692,83693,83693,83693,83696,83696,83696,83696,83696,83692,83692,83692,83692,83692,83692,83692,83692,83693,83693,83693,83696,83696,83696,83696,83696,83692,83692,83692,83692,83692,83692,83692,83692,83693,83693,83693,83696,83696,83696,83696,83696,83692,83692,83692,83692,83692,83692,83692,83692,83693,83693,83693,83696,83696,83696,83696,83696,83692,83692,83692,83692,83692,83692,83692,83692,83693,83693,83693
BR_INST_RETIRED.CONDITIONAL,r01c4:u,0.0103557859149,81342,81343,81343,81343,81345,81345,81345,81345,81345,81342,81342,81342,81342,81342,81342,81342,81342,81343,81343,81343,81345,81345,81345,81345,81345,81342,81342,81342,81342,81342,81342,81342,81342,81343,81343,81343,81345,81345,81345,81345,81345,81342,81342,81342,81342,81342,81342,81342,81342,81343,81343,81343,81345,81345,81345,81345,81345,81342,81342,81342,81342,81342,81342,81342,81342,81343,81343,81343,81345,81345,81345,81345,81345,81342,81342,81342,81342,81342,81342,81342,81342,81343,81343,81343,81345,81345,81345,81345,81345,81342,81342,81342,81342,81342,81342,81342,81342,81343,81343,81343
BR_INST_RETIRED.NEAR_CALL,r02c4:u,nan,761,761,761,761,761,761,761,761,761,761,761,761,761,761,761,761,761,761,761,761,761,761,761,761,761,761,761,761,761,761,761,761,761,761,761,761,761,761,761,761,761,761,761,761,761,761,761,761,761,761,761,761,761,761,761,761,761,761,761,761,761,761,761,761,761,761,761,761,761,761,761,761,761,761,761,761,761,761,761,761,761,761,761,761,761,761,761,761,761,761,761,761,761,761,761,761,761,761,761,761
BR_INST_RETIRED.ALL_BRANCHES,r04c4:u,0.0126901116144,83692,83693,83693,83693,83696,83696,83696,83696,83696,83692,83692,83692,83692,83692,83692,83692,83692,83693,83693,83693,83696,83696,83696,83696,83696,83692,83692,83692,83692,83692,83692,83692,83692,83693,83693,83693,83696,83696,83696,83696,83696,83692,83692,83692,83692,83692,83692,83692,83692,83693,83693,83693,83696,83696,83696,83696,83696,83692,83692,83692,83692,83692,83692,83692,83692,83693,83693,83693,83696,83696,83696,83696,83696,83692,83692,83692,83692,83692,83692,83692,83692,83693,83693,83693,83696,83696,83696,83696,83696,83692,83692,83692,83692,83692,83692,83692,83692,83693,83693,83693
BR_INST_RETIRED.NEAR_RETURN,r08c4:u,nan,757,757,757,757,757,757,757,757,757,757,757,757,757,757,757,757,757,757,757,757,757,757,757,757,757,757,757,757,757,757,757,757,757,757,757,757,757,757,757,757,757,757,757,757,757,757,757,757,757,757,757,757,757,757,757,757,757,757,757,757,757,757,757,757,757,757,757,757,757,757,757,757,757,757,757,757,757,757,757,757,757,757,757,757,757,757,757,757,757,757,757,757,757,757,757,757,757,757,757,757
BR_INST_RETIRED.NOT_TAKEN,r10c4:u,-0.00775610165184,9807,9809,9809,9809,9809,9809,9809,9809,9809,9807,9807,9807,9807,9807,9807,9807,9807,9809,9809,9809,9809,9809,9809,9809,9809,9807,9807,9807,9807,9807,9807,9807,9807,9809,9809,9809,9809,9809,9809,9809,9809,9807,9807,9807,9807,9807,9807,9807,9807,9809,9809,9809,9809,9809,9809,9809,9809,9807,9807,9807,9807,9807,9807,9807,9807,9809,9809,9809,9809,9809,9809,9809,9809,9807,9807,9807,9807,9807,9807,9807,9807,9809,9809,9809,9809,9809,9809,9809,9809,9807,9807,9807,9807,9807,9807,9807,9807,9809,9809,9809
BR_INST_RETIRED.NEAR_TAKEN,r20c4:u,0.0265830732556,73744,73743,73743,73743,73746,73746,73746,73746,73746,73744,73744,73744,73744,73744,73744,73744,73744,73743,73743,73743,73746,73746,73746,73746,73746,73744,73744,73744,73744,73744,73744,73744,73744,73743,73743,73743,73746,73746,73746,73746,73746,73744,73744,73744,73744,73744,73744,73744,73744,73743,73743,73743,73746,73746,73746,73746,73746,73744,73744,73744,73744,73744,73744,73744,73744,73743,73743,73743,73746,73746,73746,73746,73746,73744,73744,73744,73744,73744,73744,73744,73744,73743,73743,73743,73746,73746,73746,73746,73746,73744,73744,73744,73744,73744,73744,73744,73744,73743,73743,73743
BR_INST_RETIRED.FAR_BRANCH,r40c4:u,nan,141,141,141,141,141,141,141,141,141,141,141,141,141,141,141,141,141,141,141,141,141,141,141,141,141,141,141,141,141,141,141,141,141,141,141,141,141,141,141,141,141,141,141,141,141,141,141,141,141,141,141,141,141,141,141,141,141,141,141,141,141,141,141,141,141,141,141,141,141,141,141,141,141,141,141,141,141,141,141,141,141,141,141,141,141,141,141,141,141,141,141,141,141,141,141,141,141,141,141,141
BR_MISP_RETIRED.ALL_BRANCHES,branch-misses:u,0.0888675764822,450,563,593,544,522,427,370,338,425,472,529,384,585,527,415,426,693,590,356,471,364,376,627,384,404,529,500,443,531,432,488,404,426,445,539,479,453,423,553,468,403,477,593,404,375,439,599,572,359,520,419,571,387,372,428,498,488,532,540,572,359,310,556,550,547,449,412,417,503,446,514,544,449,450,328,379,322,409,494,555,367,454,337,451,356,398,362,387,572,510,348,586,324,405,447,492,352,512,433,511
BR_MISP_RETIRED.CONDITIONAL,r01c5:u,0.144342869813,307,541,368,552,384,423,536,505,551,606,324,526,384,350,479,365,491,377,335,521,567,498,495,583,385,470,512,510,432,501,482,329,472,362,422,500,416,391,349,506,481,474,423,415,335,345,454,556,442,528,522,443,484,303,436,372,519,340,511,376,537,481,500,490,548,410,394,409,413,454,407,397,420,432,362,362,519,441,414,478,448,407,507,444,304,377,308,381,437,506,497,498,319,460,371,354,414,303,368,337
BR_MISP_RETIRED.ALL_BRANCHES,r04c5:u,0.144734799469,323,571,387,583,402,446,564,531,583,640,339,556,404,368,505,382,518,397,355,550,598,525,522,615,405,496,540,537,453,527,507,349,497,382,444,527,438,411,368,534,507,498,447,436,354,361,478,586,465,558,551,467,509,318,459,394,547,357,540,395,567,507,526,517,577,432,414,431,434,479,428,420,442,455,381,380,547,466,435,502,473,428,537,467,318,396,326,401,461,534,524,524,334,485,390,374,437,319,386,355
BR_MISP_RETIRED.NEAR_TAKEN,r20c5:u,0.146307614094,168,332,204,332,213,252,324,304,341,374,180,319,223,199,283,202,298,214,193,318,352,299,299,363,221,280,310,306,245,302,289,186,282,207,245,304,244,226,206,305,289,283,251,241,187,191,273,343,262,320,319,261,288,165,253,218,317,194,311,215,328,285,303,297,337,238,226,240,241,272,238,233,245,255,205,208,315,269,240,278,268,238,310,261,166,217,178,218,256,307,301,301,176,271,217,201,246,167,206,196
FP_ASSIST.X87_OUTPUT,r02ca:u,nan,0,0,0,0,0,0,0,0,0,0,0,0,0,0,0,0,0,0,0,0,0,0,0,0,0,0,0,0,0,0,0,0,0,0,0,0,0,0,0,0,0,0,0,0,0,0,0,0,0,0,0,0,0,0,0,0,0,0,0,0,0,0,0,0,0,0,0,0,0,0,0,0,0,0,0,0,0,0,0,0,0,0,0,0,0,0,0,0,0,0,0,0,0,0,0,0,0,0,0,0
FP_ASSIST.X87_INPUT,r04ca:u,nan,0,0,0,0,0,0,0,0,0,0,0,0,0,0,0,0,0,0,0,0,0,0,0,0,0,0,0,0,0,0,0,0,0,0,0,0,0,0,0,0,0,0,0,0,0,0,0,0,0,0,0,0,0,0,0,0,0,0,0,0,0,0,0,0,0,0,0,0,0,0,0,0,0,0,0,0,0,0,0,0,0,0,0,0,0,0,0,0,0,0,0,0,0,0,0,0,0,0,0,0
FP_ASSIST.SIMD_OUTPUT,r08ca:u,nan,0,0,0,0,0,0,0,0,0,0,0,0,0,0,0,0,0,0,0,0,0,0,0,0,0,0,0,0,0,0,0,0,0,0,0,0,0,0,0,0,0,0,0,0,0,0,0,0,0,0,0,0,0,0,0,0,0,0,0,0,0,0,0,0,0,0,0,0,0,0,0,0,0,0,0,0,0,0,0,0,0,0,0,0,0,0,0,0,0,0,0,0,0,0,0,0,0,0,0,0
FP_ASSIST.SIMD_INPUT,r10ca:u,nan,0,0,0,0,0,0,0,0,0,0,0,0,0,0,0,0,0,0,0,0,0,0,0,0,0,0,0,0,0,0,0,0,0,0,0,0,0,0,0,0,0,0,0,0,0,0,0,0,0,0,0,0,0,0,0,0,0,0,0,0,0,0,0,0,0,0,0,0,0,0,0,0,0,0,0,0,0,0,0,0,0,0,0,0,0,0,0,0,0,0,0,0,0,0,0,0,0,0,0,0
FP_ASSIST.ANY,r1eca:u,nan,0,0,0,0,0,0,0,0,0,0,0,0,0,0,0,0,0,0,0,0,0,0,0,0,0,0,0,0,0,0,0,0,0,0,0,0,0,0,0,0,0,0,0,0,0,0,0,0,0,0,0,0,0,0,0,0,0,0,0,0,0,0,0,0,0,0,0,0,0,0,0,0,0,0,0,0,0,0,0,0,0,0,0,0,0,0,0,0,0,0,0,0,0,0,0,0,0,0,0,0
ROB_MISC_EVENTS.LBR_INSERTS,r20cc:u,nan,0,0,0,0,0,0,0,0,0,0,0,0,0,0,0,0,0,0,0,0,0,0,0,0,0,0,0,0,0,0,0,0,0,0,0,0,0,0,0,0,0,0,0,0,0,0,0,0,0,0,0,0,0,0,0,0,0,0,0,0,0,0,0,0,0,0,0,0,0,0,0,0,0,0,0,0,0,0,0,0,0,0,0,0,0,0,0,0,0,0,0,0,0,0,0,0,0,0,0,0
MEM_UOPS_RETIRED.STLB_MISS.LOADS,r11d0:u,-0.138172303663,109,108,108,109,108,109,108,108,109,109,108,109,109,108,108,109,109,109,108,108,109,109,108,109,108,108,109,109,109,109,109,108,108,109,109,108,109,109,108,109,109,108,109,108,109,109,109,109,109,108,108,109,108,108,109,109,108,108,109,108,108,109,108,109,109,109,108,109,108,108,109,109,108,110,109,108,108,108,109,109,109,109,108,108,108,110,108,108,109,109,109,109,109,109,109,109,109,108,109,108
MEM_UOPS_RETIRED.STLB_MISS.STORES,r12d0:u,-0.192129904686,21,21,22,21,21,22,21,21,22,22,22,22,22,21,22,22,22,21,21,21,22,22,21,21,21,21,22,22,21,22,21,21,21,21,22,21,22,22,21,21,22,21,22,21,21,21,22,21,22,21,21,21,21,21,22,21,21,21,21,21,21,21,21,22,22,21,21,21,21,21,22,21,21,22,22,22,21,21,21,22,21,22,21,21,22,22,21,21,22,22,21,22,21,22,22,21,21,21,22,22
MEM_UOPS_RETIRED.LOCK.LOADS,r21d0:u,nan,0,0,0,0,0,0,0,0,0,0,0,0,0,0,0,0,0,0,0,0,0,0,0,0,0,0,0,0,0,0,0,0,0,0,0,0,0,0,0,0,0,0,0,0,0,0,0,0,0,0,0,0,0,0,0,0,0,0,0,0,0,0,0,0,0,0,0,0,0,0,0,0,0,0,0,0,0,0,0,0,0,0,0,0,0,0,0,0,0,0,0,0,0,0,0,0,0,0,0,0
MEM_UOPS_RETIRED.LOCK.STORES,r22d0:u,nan,0,0,0,0,0,0,0,0,0,0,0,0,0,0,0,0,0,0,0,0,0,0,0,0,0,0,0,0,0,0,0,0,0,0,0,0,0,0,0,0,0,0,0,0,0,0,0,0,0,0,0,0,0,0,0,0,0,0,0,0,0,0,0,0,0,0,0,0,0,0,0,0,0,0,0,0,0,0,0,0,0,0,0,0,0,0,0,0,0,0,0,0,0,0,0,0,0,0,0,0
MEM_UOPS_RETIRED.SPLIT.LOADS,r41d0:u,-0.297119668591,0,0,0,0,0,0,0,0,0,0,0,0,0,0,0,0,0,1,1,1,1,1,1,1,1,1,1,1,1,1,1,1,1,0,0,0,0,0,0,0,0,0,0,0,0,0,0,0,0,0,0,0,0,0,0,0,0,0,0,0,0,0,0,0,0,0,0,0,0,0,0,0,0,0,0,0,0,0,0,0,0,1,1,1,1,1,1,1,1,1,1,1,1,1,1,1,1,0,0,0
MEM_UOPS_RETIRED.SPLIT.STORES,r42d0:u,nan,0,0,0,0,0,0,0,0,0,0,0,0,0,0,0,0,0,0,0,0,0,0,0,0,0,0,0,0,0,0,0,0,0,0,0,0,0,0,0,0,0,0,0,0,0,0,0,0,0,0,0,0,0,0,0,0,0,0,0,0,0,0,0,0,0,0,0,0,0,0,0,0,0,0,0,0,0,0,0,0,0,0,0,0,0,0,0,0,0,0,0,0,0,0,0,0,0,0,0,0
MEM_UOPS_RETIRED.ALL.LOADS,r81d0:u,0.101237411277,547634,547636,547636,547637,547634,547637,547637,547635,547637,547634,547635,547634,547634,547634,547635,547635,547635,547635,547635,547635,547635,547635,547636,547634,547636,547634,547634,547635,547636,547635,547634,547635,547635,547636,547635,547636,547636,547638,547636,547637,547636,547635,547634,547634,547635,547634,547635,547637,547635,547635,547635,547636,547639,547635,547637,547635,547636,547636,547634,547635,547635,547636,547634,547634,547634,547635,547636,547637,547636,547636,547634,547636,547635,547634,547633,547635,547634,547633,547633,547635,547633,547636,547635,547635,547638,547635,547634,547635,547635,547634,547633,547633,547634,547634,547637,547636,547634,547635,547635,547633
MEM_UOPS_RETIRED.ALL.STORES,r82d0:u,nan,272090,272090,272090,272090,272090,272090,272090,272090,272090,272090,272090,272090,272090,272090,272090,272090,272090,272090,272090,272090,272090,272090,272090,272090,272090,272090,272090,272090,272090,272090,272090,272090,272090,272090,272090,272090,272090,272090,272090,272090,272090,272090,272090,272090,272090,272090,272090,272090,272090,272090,272090,272090,272090,272090,272090,272090,272090,272090,272090,272090,272090,272090,272090,272090,272090,272090,272090,272090,272090,272090,272090,272090,272090,272090,272090,272090,272090,272090,272090,272090,272090,272090,272090,272090,272090,272090,272090,272090,272090,272090,272090,272090,272090,272090,272090,272090,272090,272090,272090,272090
MEM_LOAD_UOPS_RETIRED.L1_HIT,r01d1:u,-0.0832723022393,543667,543691,543645,543668,543669,543687,543661,543666,543623,543679,543651,543664,543718,543688,543704,543672,543649,543693,543653,543635,543662,543684,543658,543658,543691,543693,543673,543643,543666,543676,543702,543626,543669,543722,543641,543686,543674,543689,543657,543655,543658,543616,543638,543699,543655,543638,543682,543637,543688,543658,543672,543670,543659,543651,543644,543680,543650,543641,543679,543655,543679,543671,543657,543668,543694,543668,543712,543675,543675,543699,543705,543665,543678,543698,543672,543700,543685,543724,543642,543644,543619,543667,543658,543653,543681,543676,543666,543677,543681,543659,543660,543623,543667,543645,543669,543671,543676,543670,543644,543685
MEM_LOAD_UOPS_RETIRED.L2_HIT,r02d1:u,0.254467160349,421,422,430,427,426,421,423,423,425,420,417,421,415,416,415,423,423,419,426,433,422,418,423,429,414,423,424,430,416,422,423,434,422,423,421,416,426,420,423,430,430,435,431,427,426,431,421,431,423,426,427,424,432,429,427,430,421,428,424,426,426,423,423,425,422,419,417,427,417,418,420,421,420,412,425,419,420,416,423,431,422,425,424,422,420,418,419,419,419,424,419,420,420,419,424,422,419,424,423,427
MEM_LOAD_UOPS_RETIRED.L3_HIT,r04d1:u,0.0229913259155,557,539,557,557,561,559,560,561,559,551,563,562,532,551,558,561,561,559,565,555,558,550,541,561,562,542,549,555,557,551,560,563,555,553,564,551,552,567,560,559,558,558,552,549,564,561,557,555,552,554,558,560,557,560,562,554,563,558,555,551,550,560,563,549,558,548,555,561,558,543,558,564,560,566,556,551,551,551,559,560,563,556,566,551,560,561,563,549,554,557,559,568,560,567,551,557,567,559,559,539
MEM_LOAD_UOPS_RETIRED.L1_MISS,r08d1:u,-0.204584920098,988,988,998,1001,996,994,985,995,994,999,997,997,1000,994,994,992,994,1002,996,1000,993,994,993,1002,1000,996,990,993,990,986,999,1003,990,998,1000,994,993,991,994,994,993,996,997,993,989,991,1004,998,999,987,994,998,982,989,991,989,985,992,994,985,996,1000,991,993,993,998,1005,990,997,1000,997,987,988,1001,991,991,992,983,993,1007,993,991,997,988,993,993,1002,989,987,991,994,984,992,986,988,985,998,990,989,1002
MEM_LOAD_UOPS_RETIRED.L2_MISS,r10d1:u,-0.331161852062,565,571,576,570,578,571,564,574,571,574,572,568,576,573,574,569,575,572,572,572,576,573,568,579,576,569,572,572,568,570,576,569,563,575,574,570,567,571,572,572,571,571,571,574,567,569,578,572,571,562,571,570,565,570,568,568,569,569,565,570,571,570,569,567,566,576,585,573,574,574,575,569,572,580,568,573,574,565,570,572,572,570,567,571,572,568,573,564,568,575,571,567,571,572,568,571,575,565,570,575
MEM_LOAD_UOPS_RETIRED.L3_MISS,r20d1:u,0.0170085179778,1,1,1,1,1,1,1,1,1,1,1,1,1,1,1,1,1,1,1,1,1,1,1,1,1,1,1,1,1,1,1,1,1,1,1,1,1,1,1,1,1,1,3,1,1,1,1,1,2,1,1,1,1,1,1,2,1,1,1,1,1,1,1,1,1,1,1,1,1,1,0,1,1,1,1,1,1,1,1,1,1,1,1,1,1,1,1,1,1,1,1,1,1,2,1,1,2,1,1,1
MEM_LOAD_UOPS_RETIRED.HIT_LFB,r40d1:u,-0.0998446091297,2767,2779,2814,2819,2815,2826,2786,2808,2817,2816,2800,2816,2815,2803,2803,2786,2799,2842,2830,2839,2827,2825,2808,2831,2848,2823,2805,2814,2815,2795,2808,2828,2792,2826,2845,2827,2809,2814,2835,2795,2815,2822,2792,2811,2818,2793,2860,2816,2830,2785,2804,2827,2792,2795,2810,2805,2799,2827,2819,2800,2822,2815,2828,2816,2816,2826,2840,2806,2827,2833,2814,2805,2829,2819,2820,2790,2813,2779,2811,2861,2837,2813,2828,2803,2807,2806,2861,2816,2796,2830,2809,2795,2810,2808,2808,2797,2853,2793,2797,2846
MEM_LOAD_UOPS_L3_HIT_RETIRED.XSNP_MISS,r01d2:u,-0.112431664028,9,16,9,13,9,1,15,5,10,18,5,7,10,5,9,21,5,3,4,8,10,8,15,9,12,6,11,13,5,8,30,6,6,6,13,13,37,19,6,14,8,9,16,5,6,7,10,4,9,9,11,6,11,7,5,11,8,5,12,18,12,7,4,2,1,16,13,8,7,11,1,8,13,5,16,4,11,12,8,14,5,13,4,4,10,9,17,8,6,5,13,1,11,4,22,8,8,0,17,12
MEM_LOAD_UOPS_L3_HIT_RETIRED.XSNP_HIT,r02d2:u,-0.155027212681,4,5,2,3,3,1,3,2,3,4,3,3,4,1,4,6,2,3,4,2,4,3,4,3,3,3,2,2,3,2,5,2,5,3,3,3,6,3,2,5,2,3,2,3,3,4,4,3,4,5,3,2,3,3,1,2,2,2,3,3,2,1,3,2,2,3,2,2,2,2,1,2,3,2,3,1,4,1,3,3,3,3,2,2,3,2,3,2,3,3,3,1,5,2,4,3,2,1,5,3
MEM_LOAD_UOPS_L3_HIT_RETIRED.XSNP_HITM,r04d2:u,nan,0,0,0,0,0,0,0,0,0,0,0,0,0,0,0,0,0,0,0,0,0,0,0,0,0,0,0,0,0,0,0,0,0,0,0,0,0,0,0,0,0,0,0,0,0,0,0,0,0,0,0,0,0,0,0,0,0,0,0,0,0,0,0,0,0,0,0,0,0,0,0,0,0,0,0,0,0,0,0,0,0,0,0,0,0,0,0,0,0,0,0,0,0,0,0,0,0,0,0,0
MEM_LOAD_UOPS_L3_HIT_RETIRED.XSNP_NONE,r08d2:u,-0.0325666880202,557,549,560,554,561,570,553,565,560,551,564,564,557,568,554,543,570,566,566,562,556,556,550,558,554,554,555,553,563,559,536,566,562,559,555,554,523,549,560,552,566,556,546,562,563,553,553,564,559,554,552,558,556,553,559,550,560,562,556,548,552,557,564,560,565,555,559,565,563,552,568,553,558,563,546,564,555,561,556,550,561,557,561,567,560,558,548,560,559,562,551,564,551,565,540,558,561,566,544,555
MEM_LOAD_UOPS_L3_MISS_RETIRED.LOCAL_DRAM,r01d3:u,-0.0911979549889,1,1,1,1,1,1,1,1,1,1,1,1,1,1,1,1,1,1,1,1,1,1,1,1,2,1,1,2,1,1,1,1,1,1,1,1,1,1,1,1,1,1,1,1,1,1,1,1,1,1,1,1,1,1,1,1,1,1,1,1,1,1,1,1,1,1,1,1,1,2,1,1,1,1,1,1,1,1,2,1,0,2,1,1,2,1,3,1,1,1,1,1,1,1,1,1,1,1,1,1
BACLEARS.ANY,r1fe6:u,-0.14239112776,786,801,798,783,809,802,841,798,786,808,815,791,800,834,787,815,790,808,805,811,809,788,812,801,794,803,806,832,806,802,878,781,819,785,830,836,815,846,832,851,799,802,857,798,772,824,758,820,826,811,775,804,805,796,817,814,788,819,830,795,817,776,783,793,796,803,792,790,786,800,848,798,822,830,792,798,794,833,815,808,772,807,793,829,858,807,815,807,792,834,839,793,817,833,805,791,816,814,783,820
L2_TRANS.DEMAND_DATA_RD,r01f0:u,-0.209807482712,1080,1084,1083,1086,1086,1093,1087,1084,1083,1088,1092,1087,1083,1086,1083,1087,1083,1084,1088,1086,1079,1083,1074,1082,1078,1082,1084,1084,1085,1085,1089,1080,1089,1081,1082,1081,1085,1093,1089,1088,1089,1077,1087,1082,1080,1083,1078,1082,1084,1083,1083,1079,1080,1075,1089,1081,1078,1078,1084,1084,1085,1076,1079,1079,1079,1077,1084,1077,1083,1081,1090,1078,1081,1089,1085,1083,1081,1088,1087,1082,1069,1076,1081,1086,1090,1086,1087,1078,1069,1083,1081,1075,1083,1082,1087,1082,1087,1086,1077,1084
L2_TRANS.RFO,r02f0:u,0.362708372582,241,238,239,237,237,239,242,236,239,236,236,238,237,239,237,236,237,240,241,238,239,241,239,239,237,237,239,239,239,240,240,236,241,244,243,243,245,244,241,243,245,243,244,240,243,241,245,243,242,243,241,242,243,243,246,244,244,243,246,243,241,243,244,245,241,241,241,241,243,243,243,241,241,241,243,240,241,244,242,242,239,240,241,242,242,243,244,242,241,241,244,241,243,242,243,243,243,242,243,244
L2_TRANS.CODE_RD,r04f0:u,0.0766231155151,1494,1461,1436,1452,1489,1438,1448,1469,1506,1454,1473,1423,1475,1442,1430,1433,1440,1509,1437,1463,1454,1481,1426,1499,1442,1472,1480,1448,1483,1506,1490,1412,1407,1403,1431,1475,1450,1476,1454,1490,1457,1494,1443,1400,1455,1446,1420,1446,1429,1458,1443,1446,1462,1470,1471,1460,1480,1494,1430,1463,1411,1422,1493,1491,1487,1487,1476,1452,1403,1470,1474,1452,1494,1413,1438,1437,1430,1419,1451,1434,1457,1435,1427,1458,1486,1481,1455,1483,1431,1426,1439,1455,1478,1512,1425,1441,1529,1468,1409,1523
L2_TRANS.ALL_PF,r08f0:u,0.173009873146,1201,1208,1189,1196,1205,1194,1183,1194,1195,1186,1205,1199,1212,1179,1180,1191,1182,1227,1214,1211,1206,1214,1203,1220,1216,1210,1220,1202,1205,1219,1214,1204,1193,1191,1209,1207,1197,1203,1214,1205,1213,1210,1199,1212,1204,1229,1200,1215,1192,1203,1210,1204,1204,1222,1203,1211,1201,1221,1228,1205,1199,1198,1220,1214,1212,1210,1197,1212,1196,1206,1204,1213,1214,1198,1200,1207,1195,1190,1205,1201,1201,1209,1196,1197,1214,1222,1217,1217,1205,1206,1231,1202,1208,1215,1203,1212,1219,1196,1205,1208
L2_TRANS.L1D_WB,r10f0:u,0.237770039798,704,697,698,700,701,698,702,693,699,701,698,699,702,704,701,702,696,709,699,692,702,704,699,707,696,699,701,701,701,704,703,702,697,704,704,706,706,695,710,703,701,706,705,708,703,703,708,706,701,710,708,704,706,711,708,708,710,711,705,708,700,712,707,708,706,703,698,711,707,711,707,708,712,713,702,701,709,715,703,704,707,710,713,717,713,704,714,710,704,709,707,705,711,706,703,706,713,710,707,709
L2_TRANS.L2_FILL,r20f0:u,0.0946050887832,2902,2884,2856,2870,2895,2852,2863,2878,2904,2863,2885,2857,2891,2856,2837,2853,2861,2920,2874,2872,2876,2900,2862,2909,2873,2894,2894,2866,2893,2926,2907,2838,2841,2819,2858,2888,2877,2891,2883,2900,2880,2914,2859,2837,2879,2871,2840,2869,2849,2865,2860,2868,2877,2892,2881,2876,2900,2903,2861,2886,2853,2857,2908,2914,2909,2898,2899,2877,2844,2889,2888,2876,2913,2842,2862,2860,2842,2855,2868,2862,2878,2864,2857,2875,2900,2896,2888,2889,2859,2860,2880,2880,2887,2916,2857,2874,2942,2891,2839,2929
L2_TRANS.L2_WB,r40f0:u,0.302864254063,400,399,392,383,371,389,381,399,363,376,383,399,377,381,394,373,370,385,380,401,397,394,389,375,390,368,372,380,380,392,368,377,373,368,390,386,382,378,380,380,399,392,376,383,392,389,385,377,397,388,375,405,399,404,399,393,383,393,396,395,359,398,395,402,403,382,379,378,379,387,405,384,398,390,382,386,370,378,392,377,383,393,372,383,406,386,389,376,390,369,393,384,393,386,386,387,375,372,393,390
L2_TRANS.ALL_REQUESTS,r80f0:u,0.0600934984255,8954,9084,8928,8967,8889,8884,8985,8901,8939,9119,8926,8946,8845,9012,8888,8979,8925,8919,8901,8870,8896,9042,9045,8980,9109,8878,8915,8961,8927,8978,8920,8994,8923,8815,9024,8976,9014,9211,9017,8993,8977,8920,8897,8864,8842,8864,8903,9026,8918,8906,8886,9062,8976,8991,9082,9017,8875,8941,9084,8922,8882,8960,8893,9013,8894,8947,8869,8918,9087,8892,8975,8858,9016,8933,8872,8851,8998,8857,9027,8871,8877,8846,8968,8911,8901,8809,8973,8963,8931,9068,9050,9119,8885,8951,9078,8866,8857,9014,9045,8875
L2_LINES_IN.I,r01f1:u,nan,0,0,0,0,0,0,0,0,0,0,0,0,0,0,0,0,0,0,0,0,0,0,0,0,0,0,0,0,0,0,0,0,0,0,0,0,0,0,0,0,0,0,0,0,0,0,0,0,0,0,0,0,0,0,0,0,0,0,0,0,0,0,0,0,0,0,0,0,0,0,0,0,0,0,0,0,0,0,0,0,0,0,0,0,0,0,0,0,0,0,0,0,0,0,0,0,0,0,0,0
L2_LINES_IN.S,r02f1:u,-0.0588307337093,1210,1283,1723,1263,1599,1222,1848,1116,1206,1387,1125,1119,1138,1743,1641,2144,2399,1147,1305,1144,1159,1249,1144,1373,1157,1129,2141,1493,1205,1179,1114,1295,1231,2147,1282,1296,1323,1493,2123,1191,1572,1603,1487,1108,1110,1104,1132,1169,1370,1256,1126,1360,1224,1206,1331,1201,1101,1146,1617,1171,2404,1227,1105,1145,1122,1539,1241,1170,1174,1248,1170,1292,1386,1672,1214,1333,1150,1106,1238,1114,1136,1686,1329,1165,1109,1141,1124,1269,1205,1866,1525,1614,1168,1127,1176,1263,1233,1129,1196,1292
L2_LINES_IN.E,r04f1:u,0.226645717232,1696,1594,1076,1388,1171,1638,1740,1522,1596,1713,1567,1561,1661,1478,416,1588,1684,1741,1612,1738,1596,1586,1635,1641,1481,1567,1293,1358,1756,918,1653,1769,1727,1232,729,1740,1702,1560,1690,1600,1477,1386,1753,1733,1463,1642,1497,1411,1619,1644,1679,1522,1554,1641,1622,1644,1748,1746,1622,1753,1759,1737,1735,1758,1738,1056,1684,1630,1684,1394,1734,575,1502,1644,1122,1663,1570,1473,1743,1561,1731,1720,1331,1739,1530,1680,1606,1617,1647,1749,1740,1266,1451,1707,1498,1743,1599,1517,1746,1534
L2_LINES_IN.ALL,r07f1:u,0.170610099467,2853,2913,2888,2885,2872,2840,2886,2877,2884,2850,2868,2856,2894,2881,2835,2878,2872,2882,2854,2819,2876,2907,2878,2849,2915,2907,2894,2846,2883,2934,2867,2884,2895,2855,2929,2814,2857,2867,2881,2869,2867,2860,2877,2847,2862,2902,2883,2896,2905,2867,2880,2881,2904,2905,2902,2930,2884,2852,2918,2880,2880,2890,2908,2870,2847,2894,2892,2848,2851,2887,2853,2870,2850,2892,2909,2850,2873,2866,2842,2856,2858,2870,2915,2883,2883,2877,2891,2871,2918,2864,2849,2865,2901,2908,2922,2860,2890,2922,2860,2866
L2_LINES_OUT.DEMAND_CLEAN,r05f2:u,0.0207025486263,1756,1816,1800,1779,1782,1757,1767,1776,1786,1754,1766,1772,1790,1785,1753,1798,1782,1788,1751,1714,1777,1794,1779,1735,1798,1804,1794,1742,1777,1829,1765,1773,1785,1740,1818,1714,1748,1779,1784,1775,1768,1756,1768,1744,1776,1792,1791,1794,1803,1756,1772,1770,1797,1786,1794,1817,1777,1748,1806,1776,1768,1777,1785,1742,1733,1783,1792,1754,1761,1789,1753,1770,1749,1787,1816,1756,1767,1761,1754,1736,1745,1762,1807,1772,1776,1771,1780,1775,1808,1756,1745,1750,1790,1798,1827,1748,1780,1821,1745,1760
L2_LINES_OUT.DEMAND_DIRTY,r06f2:u,0.214668066541,292,280,281,292,279,274,293,281,282,284,285,269,285,279,280,273,280,272,290,283,276,285,276,292,289,289,281,285,280,278,286,289,286,297,276,283,287,274,276,276,289,289,284,282,267,287,276,280,280,288,282,286,283,288,283,284,283,282,286,282,290,293,286,299,294,286,280,268,282,283,290,279,285,277,278,281,284,289,264,299,289,294,284,284,284,284,277,269,287,284,292,291,283,291,274,290,286,276,290,287
